0,1,2,3,4,5,6,7,8,9,10
0.08160632,0.35817707,0.065309204,0.12009633,0.11916343,0.14818819,0.09539033,0.046561822,0.26968348,0.016216924,0.29674447
0.035160795,0.017884139,0.1480522,0.082820795,0.10468629,0.08822546,0.05807772,0.102186985,0.027593272,0.28306717,0.19557242
0.10454586,0.0037878302,0.052999444,0.7326837,0.07512602,0.061957724,0.0048955022,0.47112232,0.058422923,0.56614095,0.030850008
0.47852668,0.2851078,0.030240746,0.061648645,0.010053422,0.03551171,0.100487076,0.10617237,0.22646642,0.040594317,0.009773159
0.9297629,0.5504939,0.028994432,0.04867073,0.21245164,0.0014002834,0.04006647,0.7903051,0.42742008,0.012161144,0.59511864
0.90242517,0.18687567,0.5705384,0.05876272,0.010517189,0.15299393,0.8225295,0.025785131,0.95423627,0.38590303,0.4800725
0.6339517,0.34783113,0.4185976,0.119785234,0.053075828,0.3055219,0.21576947,0.63195777,0.103890434,0.021014297,0.9129361
0.15570182,0.04063816,0.095032975,0.030991102,0.23330939,0.0074965465,0.092346616,0.10194418,0.3392937,0.021594971,0.10313261
0.011135388,0.1283406,0.5625577,0.15441284,0.18093322,0.12845828,0.36733758,0.60843194,0.002095802,0.021089861,0.07245399
0.004481806,0.010289694,0.18963978,0.12386712,0.007003095,0.92737687,0.2231731,0.002094555,0.0003363491,0.029632546,0.0008696305
0.002099455,0.016713986,0.040684696,0.22021498,0.09587401,0.0562419,0.00335117,0.029913558,0.1679896,0.03585413,0.0081986
0.932176,0.15708397,0.100709915,0.017339684,0.006754842,0.2166877,0.5522618,0.058306888,0.6996282,0.14104329,0.6808483
0.15521151,0.010721392,0.33931562,0.17146881,0.16753829,0.224053,0.29577664,0.02803815,0.28333154,0.1616542,0.19090272
0.07919031,0.08322839,0.045107324,0.44040892,0.1942482,0.038453944,0.019096635,0.010326842,0.3127307,0.1565795,0.15067458
0.60383713,0.027452651,0.13675019,0.21290326,0.21000947,0.12175628,0.33914003,0.57075876,0.02932608,0.042393394,0.07988776
0.09811379,0.26739872,0.035479322,0.025848249,0.033487957,0.29401055,0.123073496,0.04316019,0.39438468,0.032617733,0.26524314
0.6708705,0.8204716,0.15749279,0.13913733,0.6628521,0.0062938854,0.507383,0.08688105,0.9628755,0.993338,0.6756746
0.09308511,0.38080356,0.052130733,0.043512765,0.11674227,0.26883498,0.22178322,0.036174916,0.37576154,0.20066795,0.1189675
0.048834786,0.09596782,0.26100853,0.028891549,0.27884862,0.037807282,0.20086193,0.15830077,0.36319894,0.018597713,0.6950057
0.12499651,0.0046347724,0.16476858,0.5789039,0.08934665,0.58921826,0.13618743,0.038972646,0.013111421,0.034744777,0.05192153
0.81329346,0.395455,0.06760379,0.29078677,0.06533989,0.09347365,0.09706232,0.046180975,0.9205931,0.5279779,0.4292246
0.6961534,0.07446747,0.07508454,0.030673355,0.31642327,0.11934786,0.25382936,0.76898384,0.13085012,0.31376186,0.11272371
0.011167472,0.039171554,0.32650924,0.43368465,0.53117156,0.42793262,0.18664324,0.006582979,0.028193908,0.5544588,0.2736981
0.16016015,0.59877264,0.026759572,0.080451086,0.055944096,0.045836285,0.049635727,0.055915106,0.3382334,0.05373019,0.30227554
0.18655439,0.043454636,0.041442804,0.14991647,0.009819465,0.016853523,0.075196475,0.030777832,0.61623377,0.7117257,0.1796578
0.90289617,0.40334454,0.014687291,0.05886788,0.8299905,0.003224654,0.004958576,0.040341053,0.99373674,0.025365427,0.98583764
0.0893406,0.12350299,0.7517939,0.01291613,0.046300672,0.08479361,0.58990616,0.17324357,0.13943101,0.19990593,0.53592557
0.010959499,0.32822138,0.13377136,0.089190945,0.21727829,0.4606011,0.367439,0.016334726,0.3751913,0.32163188,0.054558847
0.5556376,0.22500978,0.08219783,0.18724033,0.79555744,0.11882273,0.28297666,0.45526326,0.10453491,0.2720542,0.20541097
0.34162304,0.11525392,0.5455104,0.04602585,0.23726805,0.33847713,0.49725646,0.024660714,0.27034065,0.80785257,0.7243598
0.114302956,0.0596277,0.028666003,0.11293785,0.6180917,0.0012606976,0.031115089,0.08125667,0.7364908,0.1181403,0.48996142
0.42386666,0.04835477,0.6344361,0.020355642,0.01636072,0.2104246,0.06600618,0.20961346,0.31804115,0.13282208,0.44537076
0.42987376,0.40563437,0.3245066,0.033813044,0.4330772,0.08445069,0.89492553,0.1862134,0.59466857,0.25801316,0.50020015
0.43921712,0.29277563,0.025349723,0.11460556,0.06583713,0.2586613,0.04366397,0.020749293,0.8476198,0.15384756,0.39195937
0.046957478,0.0053104344,0.45397007,0.31323314,0.31639174,0.6997029,0.022231592,0.037330907,0.014658764,0.08221489,0.22856176
0.015277918,0.012558969,0.57356507,0.34002894,0.30218226,0.7612203,0.30272567,0.07105083,0.18506524,0.2568967,0.48409644
0.10062727,0.028215317,0.14910813,0.45362908,0.48743987,0.12532584,0.102046944,0.09786848,0.11969748,0.34790316,0.041443232
0.19053668,0.11645674,0.023707023,0.19091786,0.062115964,0.07663701,0.11221442,0.027554145,0.8601732,0.12535849,0.82837456
0.165157,0.0036757889,0.082905225,0.5897459,0.49497542,0.1466735,0.06033417,0.6286529,0.1010166,0.041862786,0.11086645
0.02471736,0.51519316,0.39330038,0.14752266,0.065149434,0.4272769,0.35134166,0.04099223,0.18798764,0.07960607,0.20927803
0.124021195,0.06585959,0.05157042,0.1507826,0.10367779,0.45171943,0.008832828,0.1543726,0.212702,0.16499397,0.1272831
0.18458669,0.021910928,0.49031144,0.21113995,0.005922436,0.5596031,0.49957335,0.010766,0.11506861,0.089630194,0.09234457
0.668377,0.10263723,0.14478424,0.13999131,0.24737865,0.29970518,0.35468656,0.27141184,0.59642196,0.3117115,0.7174614
0.04822354,0.0074208737,0.39614803,0.03857313,0.2750466,0.33697218,0.1871378,0.10337034,0.2295511,0.54666495,0.03167785
0.3511615,0.10022125,0.19193369,0.06371404,0.13360159,0.07969802,0.1995394,0.06548864,0.39853838,0.3114296,0.67958033
0.05702271,0.009207242,0.24905527,0.6681685,0.07452609,0.28963372,0.15632875,0.4447674,0.012678116,0.07416065,0.094572745
0.06166701,0.035211824,0.053598344,0.07568745,0.04212477,0.7846502,0.1648348,0.0049644136,0.1825837,0.32484552,0.020823801
0.015142542,0.049731575,0.3319309,0.07708475,0.61482424,0.014443725,0.21669073,0.043708846,0.8513294,0.5512771,0.63814706
0.18468145,0.0014301558,0.12921275,0.2423257,0.09177999,0.14016832,0.17012133,0.05986413,0.32626918,0.7437607,0.019182874
0.015974741,0.11598645,0.13840334,0.3948242,0.30102018,0.15321255,0.063289225,0.15871012,0.28599903,0.07459517,0.07406413
0.036457542,0.1951846,0.41344887,0.35705942,0.5652169,0.14941822,0.06991363,0.21042836,0.025790887,0.06299596,0.13331366
0.044997375,0.029191349,0.062351897,0.4417086,0.042594608,0.20722346,0.033081546,0.60812396,0.13311419,0.50666696,0.003393745
0.026533604,0.024020782,0.022527697,0.53754437,0.05257518,0.019424038,0.006851677,0.0021998389,0.54187435,0.6749915,0.12609476
0.571022,0.4720967,0.10783247,0.024940457,0.36771604,0.22005585,0.22196254,0.51370907,0.4049114,0.0033320687,0.29980576
0.9656275,0.21760747,0.22668634,0.05010383,0.37977117,0.17774308,0.71790844,0.3390436,0.9698092,0.122337386,0.7196318
0.51868784,0.22112778,0.03686511,0.094287336,0.2701666,0.38745216,0.012715815,0.09745783,0.18600325,0.011574302,0.36811867
0.033664785,0.28001714,0.18120492,0.15906361,0.019289197,0.464906,0.40941912,0.08479498,0.10537299,0.590266,0.04105018
0.021614758,0.04995156,0.1940993,0.3846015,0.073295265,0.05109049,0.54976285,0.29137686,0.04741537,0.03115248,0.027157009
0.046664122,0.4221029,0.29648498,0.16173586,0.054506212,0.33760685,0.7227571,0.059066173,0.1713137,0.32015038,0.29319862
0.062902555,0.14524098,0.04811017,0.07567618,0.13515848,0.08864201,0.025480954,0.06291516,0.3618861,0.379497,0.6280499
0.057577312,0.010046604,0.1482464,0.17521463,0.18244022,0.0039896094,0.15857181,0.20696376,0.9039487,0.92793024,0.22490726
0.39461666,0.47032586,0.4997802,0.09698772,0.37323755,0.09144687,0.10847902,0.76457167,0.51934046,0.038988307,0.93356395
0.48820263,0.6196721,0.020787327,0.20835473,0.2055467,0.020359684,0.040665366,0.60315853,0.29172498,0.022319676,0.09401541
0.43501598,0.7618783,0.0457722,0.26002705,0.35546902,0.010833175,0.55896723,0.40481126,0.96098256,0.1876355,0.5170674
0.7031883,0.44595158,0.01977149,0.049810592,0.10018761,0.02627408,0.18901838,0.058596812,0.9699978,0.4357452,0.79158527
0.016893186,0.0058084023,0.55947626,0.59394324,0.5825682,0.17817418,0.20328102,0.2371946,0.0056598387,0.108264185,0.018946875
0.34000927,0.185797,0.015100063,0.09973945,0.119926125,0.19511493,0.014360073,0.027960055,0.50153047,0.024310151,0.099900514
0.041017514,0.042045116,0.050137084,0.45450196,0.49862882,0.044088844,0.019788686,0.10072598,0.21097423,0.04487285,0.3399161
0.97522223,0.042379335,0.2940558,0.32669836,0.68071795,0.026186334,0.10233206,0.52455246,0.897189,0.37305605,0.45159388
0.88906777,0.36896136,0.4968284,0.059511125,0.80878454,0.0028974721,0.47536767,0.46189255,0.88976395,0.9647858,0.89407104
0.48721135,0.092940815,0.22244471,0.061727114,0.13653786,0.3972143,0.17539632,0.14583157,0.17414021,0.099079266,0.5434529
0.11417093,0.25532252,0.04800202,0.1882138,0.66159606,0.033669442,0.03157041,0.518571,0.06348544,0.07149564,0.0032780636
0.01785981,0.013657984,0.37721464,0.05627248,0.09165462,0.11488009,0.17560954,0.30399996,0.12286271,0.113506965,0.11498106
0.03942173,0.22122529,0.11989626,0.07905451,0.19082841,0.12710243,0.1254335,0.026760917,0.2607203,0.71154726,0.33180305
0.037670624,0.05052788,0.31141463,0.19663507,0.09512077,0.52015686,0.39710352,0.0470107,0.05579081,0.004906374,0.051503535
0.4239449,0.23806192,0.41232267,0.032243617,0.04900019,0.5158428,0.91724217,0.32133338,0.01184791,0.076891385,0.01719558
0.2567686,0.036902767,0.17852563,0.09916059,0.042497933,0.36402696,0.39303297,0.31408533,0.0669559,0.052976385,0.30399236
0.018948726,0.08288485,0.2936085,0.044949748,0.28463966,0.03646446,0.16433665,0.021494657,0.09458931,0.04985111,0.12219505
0.0052605025,0.033924807,0.19863647,0.3321191,0.13303076,0.78352225,0.06607471,0.06956392,0.051094487,0.042008076,0.076448515
0.14939019,0.06478368,0.20965365,0.052247886,0.123519406,0.16224845,0.12160829,0.07687554,0.53207165,0.13834,0.35226327
0.07061008,0.19640957,0.10370981,0.06618803,0.2427043,0.021066597,0.05980401,0.39957306,0.59591913,0.052248515,0.08385188
0.69924134,0.15330891,0.041997783,0.07485822,0.017368518,0.62884176,0.09192619,0.007865037,0.7194537,0.20795146,0.74285066
0.9373344,0.12596259,0.41107026,0.025223535,0.6359595,0.19587028,0.1984305,0.49111825,0.32560727,0.1460609,0.72044003
0.40832716,0.062331107,0.16920604,0.63433117,0.60387886,0.21789165,0.098295145,0.56617486,0.6252214,0.05556894,0.22497092
0.62575245,0.04497218,0.21596599,0.426629,0.39349595,0.025705153,0.0810269,0.3561436,0.17744228,0.16479829,0.43254542
0.6801693,0.11296647,0.25240242,0.07762942,0.03992885,0.021619119,0.1684221,0.5593468,0.48992273,0.5963749,0.7703659
0.2098279,0.047131673,0.042734146,0.04249724,0.6187176,0.030035026,0.06197655,0.07202319,0.5745212,0.6403219,0.13387275
0.013971178,0.06376171,0.06279005,0.25351956,0.12993848,0.39768046,0.020877171,0.013120412,0.37923783,0.051413182,0.13841079
0.64648485,0.20299089,0.07103396,0.15075396,0.6889233,0.23153578,0.29274824,0.05484308,0.71228576,0.7718392,0.13131623
0.017659297,0.01915417,0.23952581,0.10060231,0.004092889,0.3054693,0.22601694,0.0015208964,0.12265904,0.37672177,0.032428715
0.011153128,0.025151966,0.5382599,0.100375935,0.16861655,0.5187175,0.42685086,0.116497025,0.14209165,0.22095686,0.08735891
0.6822639,0.656947,0.020723015,0.024686774,0.019792762,0.055547714,0.08270015,0.7281092,0.3455124,0.0013715749,0.27299777
0.27962932,0.19134486,0.06561163,0.20190538,0.040737033,0.030650595,0.11349068,0.06132028,0.49603942,0.2351125,0.20226003
0.033101726,0.037584316,0.08878111,0.3586566,0.10567984,0.21854585,0.33889708,0.0411081,0.12812534,0.2526945,0.011398951
0.09484074,0.031151494,0.29556978,0.33959037,0.1823187,0.068155035,0.43284532,0.20675175,0.29825082,0.6576457,0.059576448
0.9900087,0.45394433,0.9984699,0.0009768774,0.002092414,0.9889999,0.9998462,0.013621393,0.5462925,0.4258054,0.8800599
0.846884,0.028971162,0.22024646,0.10909462,0.22238281,0.7760486,0.7407487,0.37529394,0.8478026,0.6662283,0.85006267
0.8293612,0.51543015,0.025051495,0.05174045,0.7835926,0.01045182,0.06639688,0.6481543,0.8515605,0.017710814,0.7697873
0.022572098,0.22492084,0.24201506,0.029584792,0.055245206,0.2799264,0.06691471,0.123156846,0.10754457,0.04938147,0.9053014
0.21132141,0.11891227,0.033153813,0.024909573,0.3373815,0.10131696,0.23189996,0.16426255,0.84874487,0.014978239,0.6268766
0.16637506,0.1795342,0.098451495,0.023645282,0.326031,0.32735777,0.18244483,0.044285983,0.06243944,0.1427921,0.23523149
0.32786852,0.22211683,0.07709191,0.12748359,0.44363973,0.26804623,0.10611071,0.40447012,0.4068128,0.007906367,0.6288733
0.30249688,0.0067943735,0.03518619,0.068567805,0.2573857,0.014421667,0.029385576,0.26340187,0.6333563,0.31172192,0.4713253
0.005572186,0.01793735,0.09847316,0.07843765,0.062370792,0.20591883,0.07462903,0.14392689,0.04979087,0.015980057,0.060281754
0.34655505,0.2447325,0.042836398,0.39699292,0.44202363,0.058002427,0.21777368,0.22517644,0.4620845,0.39638177,0.4437798
0.05171431,0.21994841,0.3165111,0.5052255,0.38785583,0.38393196,0.23217404,0.10874488,0.15977855,0.34235644,0.14003918
0.08643441,0.09502397,0.014787644,0.15046202,0.08979888,0.2487426,0.009416027,0.023066478,0.19716235,0.0062115565,0.3601533
0.07793954,0.390421,0.29928797,0.42268038,0.27440244,0.10569221,0.16977155,0.03835804,0.28043056,0.053540822,0.3472218
0.17547609,0.5870314,0.01664571,0.14565389,0.17372526,0.0021450794,0.10616571,0.03333505,0.86241055,0.025138635,0.635768
0.45355466,0.4359021,0.12783201,0.31779084,0.1411795,0.11305923,0.22236432,0.3215883,0.37958753,0.19213378,0.2519581
0.11232681,0.25877506,0.32569832,0.16086452,0.3259779,0.05894274,0.19887266,0.027979009,0.42382625,0.627284,0.55213875
0.008540841,0.03537476,0.019157361,0.4194885,0.04025868,0.358271,0.031582322,0.0335901,0.13925734,0.3493403,0.042478085
0.03101881,0.009122391,0.050821178,0.4792861,0.021631088,0.29609576,0.21191694,0.033804428,0.12130467,0.5396927,0.11905517
0.28360868,0.5702798,0.3951928,0.033182576,0.06403776,0.19840896,0.56037503,0.36503953,0.13454635,0.00069568143,0.5110831
0.08557885,0.06594621,0.1054371,0.11084749,0.060011182,0.21847013,0.096849926,0.0063290987,0.19731334,0.42041168,0.10513994
0.0007942928,0.04423584,0.14768791,0.43391514,0.46565557,0.13239288,0.0070194784,0.09696095,0.014297434,0.058868054,0.4861153
0.42705852,0.046572983,0.048874717,0.09642473,0.14309235,0.11007879,0.059103128,0.090106845,0.23320547,0.028652178,0.3663947
0.04915967,0.102373585,0.24852549,0.23264746,0.057166364,0.6248639,0.06683651,0.27253386,0.0048553757,0.038944878,0.035489302
0.015792267,0.17853351,0.35463214,0.17862625,0.20716903,0.2533849,0.17207898,0.0059379353,0.27724248,0.13437152,0.82969886
0.00647787,0.0057674847,0.062331047,0.10097292,0.0015520635,0.74221593,0.04048664,0.045041416,0.04542416,0.075845644,0.13536592
0.5780014,0.7269948,0.67577845,0.09707745,0.23237291,0.30051413,0.6504132,0.029763846,0.1925999,0.30396992,0.34900376
0.016332664,0.2119296,0.20271727,0.03718171,0.16666704,0.020515386,0.22364202,0.07394256,0.8448712,0.03810863,0.5537595
0.0040350985,0.056321803,0.23953365,0.115798116,0.033672787,0.6481162,0.25932813,0.0027713056,0.11511911,0.14656,0.3009365
0.15574646,0.027920686,0.06359291,0.057042748,0.18165407,0.32419482,0.053133935,0.108449735,0.38162252,0.14508377,0.2682227
0.01756044,0.14987023,0.40180883,0.030108597,0.3363159,0.060322758,0.35374987,0.03506976,0.14853506,0.28157812,0.033476245
0.5170013,0.08612655,0.21768604,0.040849816,0.03272112,0.28601688,0.2965203,0.020421432,0.9740165,0.87369514,0.6813868
0.007729534,0.0015067438,0.13168599,0.11347572,0.027519766,0.27883166,0.0149987135,0.00075366226,0.05435902,0.37247097,0.0778371
0.35897702,0.27825707,0.066691376,0.039273944,0.030903637,0.6233199,0.15714465,0.014491771,0.29280698,0.015029543,0.039081786
0.42445016,0.18502872,0.44958806,0.1325114,0.6425934,0.6041909,0.67348236,0.054522056,0.39789414,0.21563958,0.2418621
0.023064435,0.057209257,0.088218436,0.14081647,0.10857233,0.16618267,0.06946467,0.008168412,0.108240604,0.16277105,0.17003153
0.0048679947,0.15861541,0.7818509,0.20568763,0.50274,0.73623466,0.41745672,0.0024136214,0.05328571,0.4044933,0.43163303
0.7764591,0.27933586,0.08077644,0.28107703,0.57780224,0.4432106,0.24795678,0.2569879,0.7561319,0.65040183,0.65953505
0.30258158,0.03210163,0.13639943,0.14701095,0.0636338,0.054888897,0.1056986,0.020484464,0.6230011,0.20929483,0.35601085
0.059482347,0.4263238,0.05099609,0.10547988,0.14975928,0.053495664,0.07592725,0.2446702,0.4248466,0.076918334,0.15475693
0.9982765,0.38016984,0.07485362,0.013220307,0.009024261,0.15936041,0.32289964,0.0074357665,0.86074656,0.33125502,0.7302631
0.92487043,0.7507647,0.08202647,0.016741186,0.016184404,0.10230243,0.61765873,0.34942958,0.8745612,0.26227936,0.12797354
0.4655538,0.086260706,0.88527536,0.066664286,0.39459023,0.90973085,0.7771847,0.45856684,0.09695068,0.32413208,0.79156655
0.10466842,0.14434797,0.1149496,0.06282175,0.011644321,0.090041466,0.6646875,0.120974444,0.22359788,0.47418994,0.16332415
0.77640074,0.02361174,0.0854136,0.038926546,0.024124948,0.15847474,0.034216974,0.0022673015,0.42113432,0.011967344,0.31631142
0.6814012,0.91392344,0.36174983,0.3273532,0.7057124,0.0005639868,0.007390596,0.6996488,0.9899747,0.8728103,0.9944107
0.013040591,0.20551899,0.11151099,0.24814937,0.14348829,0.06349814,0.042038914,0.1100228,0.46383253,0.27237403,0.25961268
0.104497574,0.06556084,0.12077605,0.19588262,0.28732565,0.057226162,0.0351225,0.4206606,0.16694954,0.008951122,0.54157686
0.20967457,0.0153129455,0.29701954,0.099896595,0.012041759,0.1439091,0.2660817,0.15186465,0.030127851,0.83959746,0.15498097
0.6190006,0.2729031,0.023969067,0.023280151,0.0116934385,0.03963335,0.050452854,0.36527234,0.22285703,0.027628047,0.6562904
0.15643634,0.0047715795,0.6216688,0.26124144,0.734981,0.16832702,0.26644894,0.88203734,0.25041252,0.10615094,0.11263913
0.6816678,0.15182032,0.94993854,0.02501747,0.2184861,0.13286474,0.99034286,0.38473588,0.31774542,0.17794566,0.086902484
0.3094315,0.41308662,0.086708486,0.08100403,0.2668637,0.07936123,0.055364233,0.07369902,0.64532757,0.12107821,0.39612463
0.21088892,0.10173561,0.12639062,0.02689352,0.004170371,0.5532841,0.23780431,0.11844272,0.12620185,0.22347543,0.1333465
0.3313528,0.25082648,0.30715442,0.0744581,0.01076955,0.41480732,0.87455744,0.32654902,0.10331439,0.016829576,0.016575003
0.07942266,0.0074957693,0.12459168,0.05224643,0.2772756,0.03639692,0.0077088797,0.009305981,0.43314168,0.7516462,0.406907
0.03563035,0.11339016,0.314811,0.03157761,0.09492113,0.4598051,0.023497522,0.43853262,0.10685711,0.17267454,0.67502874
0.0032477907,0.28049806,0.53358406,0.14240801,0.42392585,0.33915374,0.13301006,0.026897604,0.054047294,0.054193474,0.010428347
0.1552496,0.00070305954,0.052635226,0.0779692,0.10076484,0.8333553,0.014334799,0.042163353,0.040603895,0.4566706,0.014961884
0.74674666,0.05277526,0.058141317,0.24534693,0.5732445,0.16284281,0.11954306,0.54462665,0.58304435,0.04271582,0.3022007
0.0018347804,0.0125894705,0.3237664,0.4582118,0.04275743,0.03813353,0.3998482,0.093854606,0.33390912,0.21949342,0.06613018
0.00050392747,0.015529519,0.4294079,0.15795438,0.23606172,0.8732507,0.5722753,0.013326395,0.024720468,0.8574577,0.00071387016
0.32383513,0.034064863,0.27461243,0.016079795,0.026525745,0.143016,0.2206996,0.3061524,0.318037,0.00519101,0.7447708
0.06514502,0.21735105,0.77157754,0.17477477,0.33764124,0.43373075,0.8320836,0.065544486,0.020544097,0.34274274,0.122815065
0.010131616,0.115645625,0.29337394,0.11510721,0.49390274,0.18783867,0.43793377,0.021311555,0.45491627,0.8167466,0.04781503
0.01106407,0.0091895815,0.10386736,0.1406467,0.4868502,0.11206622,0.17032243,0.07124897,0.22891384,0.7583398,0.00581914
0.16079396,0.10141595,0.12230521,0.04300899,0.085431084,0.54745066,0.49211752,0.0067706425,0.6407193,0.681235,0.15082318
0.18079446,0.03440223,0.21816567,0.25268862,0.56777203,0.16878259,0.05140408,0.23206888,0.47883824,0.29596832,0.064664416
0.57955515,0.12558676,0.13533473,0.039036762,0.746325,0.3854157,0.36940897,0.93390924,0.15732732,0.0027598117,0.7538708
0.039382134,0.017046459,0.14440884,0.19940053,0.021012504,0.085011296,0.014566046,0.15963432,0.012884908,0.09851469,0.20141895
0.21533251,0.035148185,0.23531498,0.50839585,0.3281094,0.010735608,0.022253431,0.358656,0.6658406,0.48967472,0.31302106
0.8879991,0.8251426,0.15532331,0.032020792,0.7822633,0.004507139,0.12955782,0.5785327,0.936855,0.011907461,0.5204386
0.20320985,0.02555548,0.12711221,0.12308,0.83945096,0.12057454,0.09590285,0.079555266,0.41208422,0.2546495,0.19143742
0.6567711,0.7485849,0.00750241,0.056737687,0.17471862,0.006854634,0.041153517,0.1980677,0.85647815,0.120253704,0.78475904
0.09803242,0.3345859,0.42596644,0.84138656,0.27344948,0.111461625,0.5057084,0.08999971,0.46662277,0.81163585,0.07823155
0.92692304,0.047977146,0.035108473,0.028568666,0.099974416,0.1900199,0.16654626,0.31024733,0.73942393,0.22610982,0.7747817
0.015711656,0.34867793,0.11729757,0.37866357,0.6308024,0.03226206,0.20058593,0.037945475,0.39798597,0.107204214,0.19301152
0.0028992223,0.1316809,0.18585078,0.059169956,0.32610896,0.011422328,0.4872945,0.02397189,0.806715,0.7397122,0.35456914
0.033497345,0.05427579,0.18535031,0.2941991,0.02900028,0.6711069,0.51195246,0.007663999,0.2500893,0.22891353,0.5419093
0.109451085,0.09230187,0.5824535,0.03815439,0.1383377,0.27612284,0.96213657,0.55501324,0.30076608,0.047214262,0.1218517
0.08139794,0.045084096,0.42103708,0.18779652,0.32070637,0.4017721,0.33579797,0.0026434863,0.29923928,0.91408217,0.13336545
0.29918122,0.012925929,0.4793211,0.25687218,0.45699543,0.09467498,0.037160516,0.09634303,0.07301759,0.098317906,0.073536016
0.36074758,0.2535959,0.48139626,0.071810305,0.14497586,0.2947499,0.78990614,0.27997118,0.16810524,0.058813445,0.43257442
0.24888077,0.8663514,0.038399868,0.021474278,0.25325254,0.09083371,0.07040457,0.16346294,0.57085353,0.089452,0.1790088
0.10509683,0.0045376155,0.3747849,0.01649553,0.060699522,0.21978588,0.8682947,0.038103446,0.04356763,0.5486953,0.3856407
0.06433423,0.018387828,0.04955803,0.058999583,0.49074277,0.04312155,0.016103357,0.4590731,0.06415036,0.09630637,0.049231015
0.0179524,0.06559228,0.825763,0.1403933,0.025625248,0.8230641,0.94712675,0.009063753,0.026206562,0.22249623,0.13608794
0.19534014,0.047334068,0.069798656,0.32349193,0.22465637,0.091900475,0.12542231,0.052291427,0.1108106,0.033721834,0.30473137
0.4258194,0.6023292,0.087017894,0.07317848,0.022605546,0.25408393,0.14131257,0.19538195,0.16850828,0.01674544,0.57946676
0.42841306,0.22213382,0.15532354,0.06391376,0.020762866,0.316392,0.54298496,0.19900018,0.589283,0.24348994,0.4698661
0.5985842,0.09878713,0.06716888,0.25255197,0.17035817,0.15018962,0.5003874,0.12160034,0.5377897,0.40678075,0.60193837
0.028594572,0.15621628,0.16514613,0.03573042,0.17838348,0.0036667627,0.08053833,0.2507553,0.4775535,0.504436,0.08208431
0.32154796,0.642403,0.46810126,0.0724842,0.07888326,0.097990416,0.3103224,0.046403106,0.30352253,0.27068904,0.7524352
0.06721498,0.06169108,0.35722014,0.32521993,0.18881468,0.35326383,0.81645906,0.010225098,0.081227735,0.7801327,0.12339013
0.021068884,0.07741333,0.5928665,0.30133352,0.58127075,0.5903636,0.10057391,0.27327642,0.0002585965,0.1159191,0.006612015
0.37657472,0.1212369,0.10861482,0.06569772,0.10194062,0.10024311,0.13904259,0.38807783,0.33335096,0.17867294,0.5934573
0.0359394,0.008653234,0.25166202,0.29911715,0.82311356,0.4600889,0.0714942,0.026048202,0.02688989,0.5798429,0.06149558
0.63434756,0.24747796,0.060124803,0.016507417,0.021564083,0.09693894,0.052476265,0.1246116,0.91548806,0.09203003,0.8759068
0.11403,0.016544344,0.38910383,0.10281573,0.09622828,0.056495737,0.14411624,0.5161666,0.114896044,0.20910804,0.03578113
0.11111568,0.3797439,0.2840424,0.06987563,0.30334014,0.7437316,0.7687241,0.45037478,0.21925297,0.016165184,0.079184644
0.40070903,0.0654802,0.48260105,0.07010361,0.2575179,0.27570596,0.721155,0.058157828,0.091747776,0.48427445,0.2962347
0.010295422,0.03877685,0.11831685,0.052687436,0.0037536034,0.2177381,0.15432058,0.0016407374,0.05150166,0.21018492,0.044556208
0.6256447,0.008523025,0.18775001,0.0021761253,0.0028019794,0.511974,0.20042081,0.014724663,0.53830594,0.23539981,0.15998715
0.08674887,0.019674035,0.055589378,0.08023691,0.00474133,0.65857613,0.5397895,0.08343484,0.009131167,0.2084341,0.003882431
0.17721036,0.06470006,0.14907053,0.22941703,0.075986706,0.33946002,0.36948204,0.04235364,0.20897734,0.17260224,0.053815965
0.98278964,0.15904327,0.014293948,0.011959988,0.086692676,0.08734706,0.032738082,0.13405056,0.96625596,0.09495193,0.106870376
0.36272094,0.41809663,0.114031084,0.15138249,0.4125766,0.021311361,0.015689733,0.12322565,0.64207745,0.009016209,0.3118703
0.15170234,0.019525819,0.010052226,0.23918442,0.04598848,0.4645604,0.022444677,0.2140065,0.016200433,0.0024731278,0.026714463
0.34374735,0.11211894,0.33606356,0.08105041,0.52709043,0.06082278,0.63704526,0.4273485,0.34170836,0.2314699,0.06200759
0.010472465,0.00777602,0.13695747,0.20946366,0.8723781,0.3919467,0.04592391,0.2727347,0.5714304,0.22983749,0.10070415
0.015824657,0.15342972,0.10323474,0.29035583,0.332529,0.049101047,0.076745585,0.026594432,0.46641415,0.26902568,0.0156091815
0.34015265,0.18021981,0.008903612,0.040947754,0.01112014,0.30445367,0.09677818,0.00027167992,0.8968489,0.47499987,0.2098049
0.03878416,0.12661543,0.14494012,0.10652598,0.29043987,0.030199075,0.25901738,0.39504215,0.37172046,0.028359158,0.14415444
0.07540142,0.10678954,0.17516291,0.28401694,0.13124898,0.082493,0.093128756,0.13111778,0.027872812,0.118725725,0.06475102
0.5817379,0.39564562,0.027453514,0.46569532,0.33949968,0.08692142,0.35984683,0.5261416,0.58519876,0.14782126,0.18038984
0.17195432,0.099380314,0.14111929,0.09215843,0.013838533,0.2317247,0.12369901,0.008450951,0.32585996,0.26150447,0.06631515
0.08732124,0.30177468,0.17666578,0.216232,0.2308298,0.16650972,0.37361816,0.016593,0.32800615,0.2286766,0.4122213
0.91478765,0.05354482,0.22642757,0.25661615,0.19384816,0.15719025,0.22895703,0.5366305,0.60690767,0.81198555,0.36809465
0.71600384,0.07803436,0.12627992,0.057185464,0.06887121,0.009723084,0.054275326,0.060666863,0.54105794,0.49854946,0.3252302
0.011000567,0.15181983,0.24706271,0.092568725,0.030987926,0.83103216,0.19452387,0.046242885,0.019658942,0.31476912,0.0048204963
0.22817476,0.17989923,0.51464593,0.035883885,0.033860926,0.5013475,0.32908142,0.032512583,0.3064671,0.15824579,0.2928432
0.12429041,0.040500477,0.015162992,0.100205556,0.21320641,0.12618433,0.02084141,0.4981373,0.010833686,0.005575775,0.1841631
0.68908554,0.046808932,0.10840295,0.07263934,0.09371144,0.48659614,0.34272593,0.06562079,0.6933564,0.23012519,0.53353715
0.44865295,0.14268969,0.044551693,0.06142985,0.18446708,0.06323813,0.0047334456,0.19803965,0.9383612,0.008962376,0.7159623
0.038815282,0.0333801,0.9319347,0.030871378,0.06714338,0.25628623,0.6766796,0.054111887,0.28544337,0.24478349,0.57515687
0.10197201,0.42753893,0.23482357,0.1870447,0.053200204,0.15527554,0.32329425,0.018661793,0.6706743,0.16536494,0.20837072
0.0051556276,0.090742975,0.08864083,0.109314404,0.00773246,0.09333023,0.48420686,0.0014891946,0.7871452,0.36209565,0.3033938
0.21573159,0.30858716,0.068712756,0.5110641,0.35996905,0.03451054,0.29972208,0.049934592,0.2737179,0.4362444,0.25222424
0.8256685,0.8259206,0.007178839,0.021622427,0.26807788,0.12253015,0.0038656082,0.17473008,0.6131005,0.008642416,0.50319827
0.22457814,0.13408905,0.5425471,0.04055282,0.03945712,0.701478,0.71621835,0.006529146,0.13333555,0.026782054,0.113295265
0.839211,0.10676944,0.5301579,0.03315988,0.1464961,0.07375056,0.25511864,0.07005463,0.11340863,0.35758448,0.44835138
0.051617116,0.03844451,0.46630967,0.26479253,0.049430914,0.36553228,0.9139383,0.0150576765,0.012606939,0.60357237,0.019788664
0.049007215,0.032532882,0.2972763,0.21154451,0.33069298,0.65908545,0.35858965,0.055624463,0.054725744,0.45486996,0.26072535
0.3244759,0.30500743,0.022525262,0.014244502,0.0038875735,0.0158589,0.05889013,0.049061477,0.8615781,0.016476395,0.5524592
0.7228108,0.19834809,0.06557498,0.071430475,0.08449696,0.011113043,0.013411719,0.04893838,0.90224075,0.12582985,0.30494356
0.26356864,0.040390406,0.062624425,0.21379364,0.1626459,0.16100073,0.033777792,0.74226934,0.07961087,0.07055506,0.0060643186
0.0113459835,0.022288496,0.7994011,0.018537465,0.19306785,0.94811076,0.9266097,0.021413071,0.00033793817,0.44604284,0.01659096
0.24195275,0.02189875,0.7135092,0.19934268,0.28143895,0.5758852,0.82553923,0.046107553,0.020220619,0.6031807,0.0870078
0.90345204,0.5748543,0.15280461,0.15721497,0.03803206,0.10757892,0.5637383,0.76057094,0.5494528,0.06457668,0.5408058
0.93425703,0.032730006,0.4008057,0.023313124,0.055644915,0.0778502,0.88355714,0.79907775,0.09053538,0.12781918,0.042421933
0.1043825,0.30344537,0.16923662,0.05951377,0.009511994,0.09819274,0.67895293,0.007553959,0.56474656,0.11323635,0.3938748
0.094383635,0.17954431,0.092727095,0.31645423,0.41377386,0.036784086,0.1615018,0.18663679,0.17101727,0.15803331,0.13945492
0.9479541,0.4925236,0.22934657,0.038332,0.51964724,0.025145242,0.29362768,0.654208,0.7802387,0.082723275,0.3651468
0.01920386,0.029788008,0.6404808,0.043284126,0.14960869,0.23617402,0.2881747,0.03140987,0.31435657,0.15175416,0.1533072
0.27006942,0.35690913,0.063204356,0.17552087,0.08237591,0.028546669,0.086559854,0.23191227,0.1703159,0.027179956,0.6713621
0.1806671,0.3933027,0.19476087,0.042897377,0.14397344,0.36827713,0.36319074,0.18448395,0.39742905,0.1760151,0.064091265
0.060275707,0.08381362,0.046804465,0.026335824,0.0116768535,0.09182092,0.01722086,0.0030792798,0.24953108,0.20389098,0.22680397
0.9804969,0.44293755,0.1392091,0.050167676,0.9471994,0.0022436897,0.07223346,0.9486023,0.99066925,0.008506206,0.8840906
0.7640684,0.5843266,0.078658015,0.11264621,0.26840258,0.011503203,0.056311898,0.27702263,0.56091845,0.18424039,0.45291483
0.06100028,0.012036796,0.49420005,0.21371156,0.102224074,0.29142487,0.12244622,0.2800348,0.009209561,0.08176505,0.093157016
0.281048,0.18059097,0.07300554,0.023773693,0.02822546,0.064813584,0.23725973,0.023163129,0.6804948,0.17504478,0.6830293
0.010396602,0.06145908,0.74038446,0.087015405,0.22820032,0.79475856,0.9198427,0.12258897,0.00023910438,0.08075291,0.0054152478
0.22776088,0.01845432,0.5310195,0.52137315,0.5273269,0.46735454,0.7754327,0.148748,0.24519032,0.39706832,0.15254755
0.01710919,0.051611904,0.048720963,0.12978849,0.040247407,0.11544043,0.010147089,0.15091182,0.030100632,0.0066336985,0.028009508
0.030995745,0.17053476,0.024173824,0.2264484,0.05054462,0.15461902,0.12726854,0.1436315,0.15831818,0.08198481,0.054314293
0.15110593,0.14574607,0.13930614,0.17013131,0.44632003,0.11922833,0.0704238,0.1823452,0.795685,0.10260503,0.7843777
0.47325918,0.07409027,0.32462642,0.2145187,0.22383417,0.22586364,0.27166307,0.06529953,0.35678327,0.029256016,0.5874677
0.019607594,0.022992773,0.36947104,0.02193287,0.12272974,0.07691313,0.40350643,0.0017631339,0.32178548,0.12122036,0.031976447
0.1455024,0.011678509,0.4285996,0.08743289,0.0058750496,0.35612068,0.45842415,0.06352627,0.17790043,0.5103938,0.023381008
0.39042336,0.51229024,0.05491258,0.15683179,0.43801266,0.06773794,0.09189848,0.34767798,0.72076654,0.13705876,0.79621875
0.046443664,0.027357833,0.07321921,0.28322655,0.1353366,0.010156802,0.021231823,0.053656645,0.08798162,0.06469534,0.15471052
0.42982548,0.7358922,0.40801004,0.017048705,0.003009429,0.14203139,0.5214295,0.069217324,0.27689558,0.06787192,0.8158891
0.58583045,0.23234712,0.05456597,0.32322234,0.38556257,0.04546828,0.3472348,0.11675706,0.7309483,0.46216708,0.33364558
0.69983786,0.40472603,0.11651779,0.046159867,0.07223821,0.14346483,0.6566354,0.12103414,0.51689416,0.6247363,0.18494649
0.5226483,0.0064021833,0.77681714,0.061258417,0.07498018,0.054558564,0.45584354,0.014456661,0.26136005,0.45397362,0.036661718
0.064501055,0.17242065,0.17323495,0.38056153,0.16876447,0.2696973,0.12621635,0.037970707,0.15814745,0.08104243,0.3908528
0.74592364,0.40113956,0.6945765,0.017897604,0.35925105,0.11015355,0.84003603,0.508992,0.48113126,0.070247926,0.14319327
0.04083096,0.10417942,0.25197795,0.2431882,0.2738265,0.5070633,0.53810436,0.059800424,0.036903024,0.050579663,0.092732936
0.018433081,0.14683872,0.16573048,0.55797696,0.24966101,0.061931465,0.20121886,0.004779686,0.08136039,0.0720181,0.028843524
0.30690035,0.03195547,0.21137907,0.17522167,0.20475471,0.1874337,0.092087604,0.07126968,0.117970996,0.4886769,0.14677498
0.033932738,0.121609986,0.16226074,0.22449404,0.07201743,0.33053023,0.10155957,0.20311604,0.0151837915,0.005912411,0.46666512
0.44933635,0.07417524,0.48465973,0.33771044,0.7194671,0.12402631,0.40234548,0.18492776,0.27514094,0.12928446,0.37840673
0.08389588,0.07136977,0.05741283,0.018468017,0.06290216,0.25083762,0.028699491,0.022649314,0.73411876,0.04297684,0.059710883
0.16206533,0.09999237,0.15122578,0.1587419,0.2594782,0.43601334,0.045475792,0.17608152,0.06573499,0.14609128,0.48592117
0.080036476,0.26877484,0.07804716,0.23422989,0.013622987,0.15631409,0.14182524,0.57866937,0.38212022,0.00075400894,0.34537122
0.7311645,0.4728906,0.2675397,0.0019344194,0.009513539,0.097637884,0.84651065,0.079032525,0.2645109,0.25798088,0.1397085
0.33926877,0.290449,0.55107707,0.045988847,0.19555445,0.22681938,0.72642404,0.105646335,0.18571852,0.5396302,0.024950713
0.019056799,0.042736366,0.22675858,0.21013084,0.0813184,0.6460579,0.556838,0.022313116,0.020709317,0.28152567,0.03556652
0.084130615,0.42570245,0.43932074,0.10142885,0.34225863,0.2883009,0.2841868,0.08771049,0.1418318,0.030986479,0.12172863
0.9182068,0.37187934,0.16831133,0.10103665,0.5630793,0.06691834,0.36674514,0.4109265,0.59354264,0.25577953,0.77625275
0.7845177,0.48986083,0.016222669,0.22867148,0.32612458,0.5749765,0.0607323,0.09285057,0.942759,0.69402623,0.76032954
0.08230385,0.24432248,0.70478874,0.38906223,0.34940416,0.51002634,0.62526417,0.02686314,0.02507072,0.5785107,0.063936174
0.22451587,0.15293048,0.065646134,0.2351557,0.5671934,0.25017637,0.042258643,0.33445704,0.577184,0.38273752,0.37941647
0.8134782,0.6831519,0.06719252,0.056804612,0.36958012,0.13857783,0.6556781,0.44345623,0.73486686,0.027667094,0.8710222
0.4833757,0.100296356,0.16748233,0.11276661,0.083927624,0.11671679,0.64091086,0.40124586,0.093875855,0.30235755,0.047631826
0.16485138,0.5206844,0.014594478,0.017953696,0.37686563,0.009445082,0.00390911,0.029441921,0.97243506,0.08048516,0.7270691
0.07858145,0.08711649,0.026966585,0.051215004,0.005782872,0.6028234,0.04669649,0.24665934,0.06924445,0.06054433,0.08729209
0.31808722,0.6084277,0.11669869,0.16796426,0.027313594,0.122444674,0.3435205,0.040222008,0.7103494,0.515709,0.22404249
0.09671037,0.37602267,0.20190151,0.11959798,0.21704857,0.25055763,0.6481473,0.09882657,0.3440605,0.037875555,0.56448245
0.031394865,0.05583391,0.3580377,0.26503295,0.29097858,0.72570205,0.36146897,0.1266662,0.20449832,0.08731291,0.029356264
0.08695831,0.23225443,0.92525744,0.18251947,0.5584542,0.15161122,0.7816161,0.079058774,0.41106102,0.759722,0.6829091
0.08486874,0.5134887,0.1407565,0.09587722,0.1075259,0.12224252,0.16197442,0.008452166,0.57818145,0.077396385,0.62489694
0.108177446,0.48197073,0.043184772,0.24125825,0.05964122,0.0310135,0.08724319,0.014503981,0.21044591,0.07305288,0.23251542
0.41520768,0.025817204,0.15004537,0.06452222,0.31176117,0.003837863,0.08342664,0.8442269,0.13516454,0.009537082,0.19157001
0.025957765,0.06501043,0.11759412,0.14594428,0.07881911,0.33577925,0.14273058,0.0035477502,0.3239563,0.11814041,0.54809314
0.0044727623,0.07011628,0.24577956,0.09525521,0.03611012,0.17088325,0.039263703,0.00080961507,0.11372198,0.42651716,0.066181704
0.29615563,0.1134118,0.5173371,0.13738772,0.17392851,0.4216598,0.38731954,0.012753742,0.09665118,0.21744956,0.1170144
0.022392066,0.16743098,0.24882106,0.11415463,0.009204541,0.33089456,0.018552627,0.37978327,0.1700338,0.0881404,0.4669504
0.002843257,0.0817296,0.10180117,0.21337603,0.37770402,0.045572493,0.08416445,0.10999647,0.49478123,0.08265112,0.037837025
0.039110463,0.22826844,0.1767145,0.04602748,0.025243457,0.04715495,0.0703612,0.03826024,0.1460165,0.0116758235,0.6671932
0.10408581,0.013425526,0.002791444,0.08365635,0.1583241,0.10559791,0.012980199,0.03185051,0.86250985,0.28102574,0.26061258
0.16885734,0.06961375,0.14217317,0.458571,0.5918935,0.11083216,0.37031168,0.0484068,0.6623159,0.41606253,0.11396522
0.78214353,0.62684083,0.04007069,0.10175653,0.011426534,0.089530386,0.2284132,0.46492797,0.29489768,0.010026611,0.3964413
0.256193,0.046600282,0.046221144,0.12638322,0.47604132,0.13329175,0.09840754,0.08988301,0.9653426,0.21786757,0.61252195
0.11023642,0.030939974,0.04463279,0.18119626,0.12783471,0.107865274,0.17004776,0.0086285705,0.26172587,0.19223572,0.69720423
0.05160207,0.16173606,0.041611776,0.016591957,0.17887266,0.0066829612,0.055052884,0.012471175,0.5430148,0.05817154,0.3847734
0.029161561,0.017515391,0.1728801,0.19748946,0.25028753,0.09327585,0.14971858,0.05184937,0.23178506,0.27597976,0.11385039
0.30464214,0.16671725,0.044520605,0.18268092,0.5967007,0.2816565,0.14120886,0.0249584,0.4494112,0.0904089,0.11320094
0.24532908,0.40175596,0.038009845,0.42198884,0.20436218,0.25614694,0.11609616,0.3217962,0.27680376,0.0335454,0.07990452
0.78586066,0.2809683,0.13084145,0.12357223,0.16952452,0.1665796,0.40086085,0.6120018,0.3455428,0.12953117,0.047967836
0.048562758,0.020576209,0.3621367,0.18928698,0.12168696,0.66609466,0.19344006,0.10186563,0.034249857,0.07446197,0.22788472
0.005564231,0.06050343,0.36424696,0.2966638,0.1792673,0.9351666,0.6568278,0.0035217546,0.06320715,0.3918291,0.050616957
0.16063523,0.18566142,0.10203162,0.06993273,0.17805623,0.4153707,0.10788282,0.03479853,0.77182007,0.0328593,0.21008918
0.015398084,0.1024866,0.052017987,0.395365,0.15473974,0.050458588,0.2101932,0.027299631,0.23084429,0.52712476,0.0727512
0.1489551,0.17916411,0.16930997,0.070829175,0.31530815,0.08118074,0.38095385,0.07498264,0.17721385,0.37765756,0.7860843
0.7391842,0.34097305,0.006376014,0.054949164,0.5551597,0.05911744,0.024635004,0.14302576,0.973855,0.04105833,0.37012312
0.014589775,0.030183183,0.18525384,0.42879292,0.23994797,0.18054472,0.50574964,0.3613792,0.32344314,0.2960961,0.033062294
0.39235112,0.030193053,0.13337703,0.036513563,0.040854868,0.15987556,0.08661224,0.10280003,0.30433694,0.25368497,0.31713477
0.20259829,0.059931383,0.09477864,0.33458772,0.45529816,0.09852191,0.060983308,0.70548695,0.091893986,0.045714594,0.100513265
0.09851545,0.0796153,0.07131584,0.17894885,0.08134828,0.04706116,0.0150314905,0.052153923,0.15173541,0.056619737,0.2635565
0.36904788,0.16441861,0.12646899,0.31124404,0.047637556,0.44813275,0.1730518,0.16352646,0.36708996,0.08825045,0.29199037
0.21412773,0.046106923,0.025284678,0.24999934,0.13932624,0.11723474,0.10480282,0.17914096,0.20896102,0.21215415,0.14705178
0.24344894,0.37651777,0.75377476,0.098413706,0.13918519,0.38543412,0.75238055,0.084880345,0.29209182,0.4651877,0.31608006
0.023459991,0.44179094,0.06127689,0.19574295,0.09252069,0.1392063,0.3218476,0.0020731566,0.36680546,0.1755799,0.0699419
0.06131669,0.23325428,0.17141227,0.055125665,0.015990926,0.30864757,0.29501024,0.014274222,0.4820865,0.030227764,0.47683603
0.39731866,0.07801676,0.28227878,0.3561659,0.39358914,0.24446861,0.1464002,0.0665951,0.40933302,0.45815703,0.43053403
0.7361717,0.034617666,0.6484538,0.024199361,0.065497875,0.36012542,0.4663953,0.7535051,0.02469326,0.0725547,0.54450303
0.87191844,0.66108304,0.4345554,0.021348469,0.20847413,0.07955516,0.41826028,0.16137098,0.96914256,0.21752097,0.62959635
0.60711026,0.09612447,0.66268694,0.3549331,0.5153343,0.3759816,0.4541546,0.17676695,0.31092688,0.393017,0.7807512
0.044941016,0.054432306,0.052722614,0.26399547,0.54329056,0.8900072,0.26459503,0.0251629,0.44882733,0.281801,0.114389196
0.0010198005,0.0021047934,0.16295445,0.76456666,0.088057384,0.1961781,0.48141494,0.14090249,0.0100735165,0.13742915,0.0074951104
0.04644789,0.030824833,0.42235386,0.3532155,0.030740323,0.87936246,0.14938672,0.028627522,0.019226888,0.19266815,0.23434328
0.20897675,0.23657158,0.083673865,0.065177366,0.13791831,0.5318345,0.32023156,0.02763856,0.83769935,0.07431395,0.2966088
0.27561915,0.14764653,0.02721197,0.43515778,0.62138253,0.041128725,0.033538982,0.33372378,0.1266022,0.009827804,0.5065763
0.057349265,0.024675282,0.22714181,0.069657885,0.2320798,0.25811058,0.068655744,0.02884774,0.107123025,0.365993,0.4471345
0.19708562,0.052397132,0.028048208,0.015701173,0.05663429,0.9112084,0.064573094,0.014629087,0.37232357,0.038267165,0.18066779
0.55501246,0.1105156,0.03509235,0.049544804,0.10416005,0.010850112,0.28343624,0.010937337,0.9706325,0.5031497,0.25157636
0.41401264,0.14308143,0.16241093,0.042375557,0.017327484,0.22014095,0.46544814,0.06952337,0.0102417935,0.23575118,0.06732368
0.5298792,0.07201167,0.5120898,0.16987711,0.22102194,0.27079266,0.9261088,0.95142287,0.07339264,0.15823399,0.024834082
0.5412476,0.24129438,0.07750417,0.039665487,0.034051362,0.26238453,0.5901551,0.05704801,0.94620675,0.77942425,0.6321173
0.054535784,0.5002384,0.029535947,0.07150762,0.10164315,0.025723886,0.015482629,0.009249419,0.29401344,0.0072410707,0.31285888
0.052724034,0.0934421,0.26801038,0.26458707,0.24765088,0.032402042,0.48020226,0.29610243,0.1816164,0.21470661,0.16741313
0.20705259,0.049405925,0.026946746,0.09845992,0.10675077,0.04539768,0.0738826,0.2569074,0.6073831,0.15494688,0.3943557
0.22241433,0.04146961,0.40295488,0.13875265,0.34588662,0.17759685,0.031916965,0.09107724,0.6810084,0.2682135,0.9011658
0.975026,0.3603746,0.36387426,0.034570925,0.21717355,0.2950035,0.9352259,0.38691708,0.46258077,0.09832196,0.8922671
0.06221823,0.02968735,0.043046277,0.1302006,0.53851277,0.1971416,0.064585455,0.035646975,0.42533395,0.76106846,0.13702123
0.44967413,0.50578934,0.019469792,0.18957731,0.44283906,0.034255996,0.06557589,0.5097185,0.80978453,0.014412026,0.8446341
0.13380882,0.008048892,0.04020559,0.009108957,0.038695235,0.09003913,0.054956168,0.0602929,0.5340058,0.71853775,0.5194965
0.00967019,0.0080129905,0.9124408,0.5464696,0.15567826,0.6214511,0.2876833,0.36247745,0.0020544354,0.33909318,0.028283786
0.31000274,0.08563631,0.25807276,0.4345072,0.3340187,0.048129506,0.061759323,0.05507124,0.08771789,0.08383693,0.2962816
0.11829942,0.14124478,0.029174222,0.03375396,0.39472237,0.0096872095,0.013485336,0.11493775,0.93309736,0.46751946,0.38911793
0.0717476,0.1152835,0.084369354,0.06625343,0.0027113184,0.89029646,0.24351498,0.035348084,0.058351714,0.16021553,0.36375847
0.4550385,0.11484563,0.030752894,0.55322516,0.22585799,0.24912593,0.009432265,0.024002623,0.08907913,0.0069094864,0.11316082
0.05592129,0.0048392443,0.077717856,0.22067633,0.057039607,0.5990252,0.115274295,0.002957412,0.3535664,0.3197563,0.39077574
0.001618777,0.047546446,0.25875765,0.21665062,0.30812454,0.5717591,0.22366005,0.023419578,0.099635914,0.27791733,0.15570024
0.3621605,0.07588772,0.35583743,0.06840827,0.02577004,0.6823502,0.37155086,0.0708556,0.13254374,0.84023046,0.030858876
0.7086431,0.7335248,0.03742479,0.13333048,0.25188285,0.08702821,0.12482064,0.117370754,0.8896755,0.6000525,0.20257641
0.01716842,0.07471153,0.37446406,0.12631331,0.11262878,0.7704151,0.65694624,0.027438456,0.11240321,0.13211377,0.46335876
0.11604487,0.14180465,0.17182413,0.058765225,0.023762567,0.24253516,0.16793421,0.037976593,0.28011978,0.011868059,0.16161701
0.8396368,0.37609383,0.1285307,0.06368335,0.4511609,0.09986144,0.14060023,0.5111474,0.90867287,0.0030753536,0.68898475
0.7971509,0.18191066,0.060407795,0.050606746,0.18179852,0.6933046,0.1291692,0.06859918,0.40200055,0.04053458,0.15882543
0.90108407,0.65974766,0.0245625,0.24994291,0.76637745,0.026333036,0.016239883,0.2071676,0.9017723,0.02119382,0.6633716
0.06717311,0.26351893,0.33480713,0.040910374,0.18213579,0.03508364,0.4122248,0.030635767,0.7953505,0.34482214,0.67598283
0.028015412,0.11819891,0.065483704,0.07727983,0.11022978,0.0087592965,0.31528607,0.04397187,0.51308435,0.025461882,0.15087777
0.3236353,0.043923564,0.23779471,0.09732953,0.42058212,0.42231333,0.45032164,0.46458593,0.6165913,0.16648255,0.7537892
0.26390487,0.12524429,0.08180576,0.20345138,0.21561392,0.21620828,0.222908,0.04269682,0.3114731,0.43540737,0.27827987
0.91939926,0.07123498,0.29863,0.09440702,0.19691227,0.042710625,0.28090903,0.17438504,0.8284203,0.47580144,0.8769603
0.46820724,0.026349902,0.0613614,0.05843717,0.38219428,0.08269924,0.013124551,0.037887707,0.40995166,0.13032919,0.19278687
0.014873854,0.28296128,0.5764314,0.13283916,0.054319263,0.09695381,0.46266502,0.10273811,0.02517276,0.55969656,0.11491882
0.124593616,0.07133651,0.11971825,0.43264332,0.20565979,0.19412513,0.34853277,0.0012360145,0.39235073,0.822406,0.14670911
0.25384003,0.0808907,0.06681519,0.027516035,0.046117757,0.0974593,0.3229449,0.9173262,0.7905861,0.12444284,0.14647008
0.09811059,0.09174591,0.26264104,0.2543275,0.06455214,0.36606622,0.4191592,0.11074747,0.059448652,0.4285866,0.0778812
0.13796753,0.03943008,0.03378643,0.022742359,0.18329039,0.418721,0.013768539,0.011934894,0.30065358,0.3543893,0.038515124
0.55509704,0.025504969,0.027119221,0.25251755,0.06725314,0.06314106,0.04069536,0.44250715,0.35987327,0.10897778,0.22419636
0.026383385,0.0040474064,0.089240305,0.4164735,0.2622991,0.26753518,0.16737475,0.14065309,0.035181414,0.20321642,0.01607478
0.04399925,0.061816853,0.22436534,0.27006114,0.31609395,0.084354155,0.08033934,0.35355496,0.014236009,0.037907746,0.055514984
0.18371141,0.016002882,0.48428866,0.04537636,0.02438086,0.06770121,0.6928262,0.09655388,0.17037661,0.5564455,0.16517615
0.12011902,0.02214749,0.52916795,0.07826837,0.06759602,0.90401983,0.69643205,0.04792425,0.004649135,0.14363365,0.055188466
0.40681294,0.06276291,0.08655454,0.005926157,0.07516188,0.19958447,0.13627194,0.41045168,0.12717567,0.013549352,0.022434276
0.48017988,0.10345735,0.06402235,0.089111835,0.045924675,0.4059251,0.38270018,0.018716319,0.51350415,0.09908786,0.9145828
0.4985475,0.06427683,0.19166256,0.14002748,0.70446485,0.015322791,0.16792634,0.69396645,0.41714612,0.21713294,0.3513427
0.92622256,0.032611195,0.23312278,0.63352007,0.2501594,0.032069687,0.28111142,0.8124598,0.15503533,0.20442975,0.23304273
0.02826687,0.052997485,0.18768202,0.37303275,0.0544841,0.3648818,0.25032222,0.009832404,0.0688171,0.081913956,0.023414657
0.7612323,0.43571764,0.13085511,0.046298247,0.03529735,0.59451216,0.75281096,0.007327965,0.5029652,0.09229118,0.04628152
0.3055097,0.84482193,0.06397171,0.0424426,0.11249389,0.14912629,0.09435161,0.102968074,0.64017296,0.054628402,0.6793958
0.99726677,0.6340282,0.06686778,0.018871704,0.79409957,0.028908785,0.1170369,0.13334678,0.9974936,0.57471144,0.40261176
0.029245833,0.07530588,0.029988343,0.30856326,0.0632142,0.047665548,0.035891872,0.054066896,0.20535226,0.06510143,0.16196184
0.046503402,0.034413636,0.48637584,0.4386926,0.66370875,0.06721018,0.3299729,0.03601121,0.121979214,0.3759428,0.0183687
0.3356772,0.663794,0.1491137,0.1639312,0.17096476,0.13469373,0.69696087,0.094904654,0.43749472,0.03876323,0.20757899
0.59296423,0.12114286,0.17118151,0.008810901,0.09611137,0.043919537,0.16619496,0.02668109,0.92780894,0.4236919,0.8708457
0.06574619,0.010436686,0.12454456,0.37041637,0.17636862,0.19497885,0.18053442,0.0046664844,0.38242614,0.76965004,0.36133695
0.86803555,0.58643484,0.032800395,0.018960888,0.1408775,0.015728788,0.35531965,0.54912764,0.98619866,0.0710635,0.9249199
0.32457167,0.5133081,0.018365068,0.34388396,0.0073931357,0.0741407,0.11693474,0.6384318,0.11070399,0.0019078918,0.3324923
0.32160893,0.10902202,0.08053819,0.09891149,0.010302756,0.47514936,0.46817845,0.44012925,0.22753155,0.08498926,0.10126684
0.08779712,0.5906006,0.10492468,0.049089894,0.004927827,0.2464613,0.26091632,0.0074446043,0.32873863,0.011918587,0.16086704
0.1793257,0.06347696,0.08769816,0.11534619,0.09929441,0.5032586,0.044073764,0.103446424,0.19248186,0.10886724,0.17190853
0.04975446,0.292753,0.17455398,0.17888834,0.06656013,0.09152725,0.22675164,0.04032361,0.64075994,0.060311016,0.21330222
0.14995122,0.018496241,0.7962758,0.10283297,0.5430721,0.044081446,0.81256956,0.6650092,0.092558436,0.20537688,0.008550452
0.061927654,0.063948944,0.3417331,0.12445096,0.24706571,0.013268405,0.14982763,0.014554163,0.3904664,0.17280203,0.16239296
0.022831915,0.105771296,0.16314349,0.18197873,0.2144254,0.31919768,0.13681062,0.17333208,0.012633393,0.05010994,0.018685486
0.15803127,0.012207212,0.07022238,0.095121495,0.666983,0.25628334,0.035984155,0.22728264,0.11049132,0.10901084,0.3907173
0.008808032,0.0018021221,0.18260013,0.36277094,0.11004276,0.44409564,0.10740884,0.036821492,0.045000862,0.5108383,0.011732392
0.8515135,0.58533347,0.018921271,0.15828687,0.50286764,0.010734271,0.0019504869,0.79660404,0.39035946,0.0009248336,0.3506349
0.018455189,0.042598933,0.040372003,0.10825694,0.34602067,0.37529895,0.06977918,0.07219228,0.08624229,0.14116251,0.06273286
0.04065429,0.08116481,0.10833978,0.24196832,0.2532489,0.039620426,0.09931098,0.3149644,0.084015824,0.09738038,0.03917278
0.045231257,0.059520893,0.054392364,0.038379855,0.29194844,0.44037965,0.06682706,0.17244554,0.04749262,0.16628231,0.002911961
0.5038005,0.017862495,0.17378634,0.4646605,0.23732604,0.038921945,0.239781,0.033385754,0.4482506,0.7228681,0.22972088
0.6566021,0.098193035,0.10774104,0.12813681,0.21823314,0.20204493,0.028289061,0.29890636,0.8358958,0.4274897,0.7089781
0.475661,0.39788753,0.036274567,0.15349053,0.0937919,0.13919546,0.43786076,0.27726737,0.7517532,0.5388883,0.56075287
0.3430173,0.2050496,0.34150958,0.032513034,0.21459445,0.31502873,0.6100095,0.007911142,0.68132275,0.57284963,0.36193424
0.65730387,0.23408288,0.29300112,0.24185073,0.23748972,0.116007574,0.3660732,0.20178117,0.34301805,0.2534388,0.26393095
0.06957298,0.0024368647,0.023238638,0.09285487,0.033219103,0.8151459,0.052672453,0.03049876,0.22886522,0.41776282,0.12102738
0.11930297,0.040893912,0.055606652,0.18687733,0.053035337,0.039560594,0.05194852,0.010641907,0.9474452,0.53400135,0.5512672
0.012763844,0.08771644,0.1676189,0.18609281,0.424895,0.35906994,0.14194019,0.09063484,0.011503718,0.039321404,0.056225933
0.38341016,0.03195091,0.031868838,0.0891701,0.6647078,0.7156194,0.07972852,0.04094077,0.09664331,0.72956353,0.31053308
0.029104872,0.044659514,0.07341667,0.13797371,0.0145698255,0.35025373,0.053190727,0.023361173,0.088212915,0.038849615,0.022098208
0.030262413,0.14492893,0.30676046,0.299804,0.22126438,0.44120955,0.19674462,0.03358886,0.09680432,0.3738901,0.33457875
0.066121705,0.012380652,0.029715218,0.034154236,0.3622289,0.063299805,0.16141583,0.02269113,0.8531634,0.68169916,0.04854467
0.52978957,0.06523193,0.12905708,0.032887906,0.23782416,0.2183703,0.0845066,0.06880178,0.5350283,0.009976347,0.20569514
0.026661227,0.00521005,0.6579773,0.105705366,0.19037855,0.328351,0.70519966,0.016029041,0.032274872,0.6243098,0.19917531
0.012928977,0.046246078,0.05984582,0.021457773,0.2054311,0.020423673,0.041488957,0.0047667297,0.69234145,0.3390766,0.12781133
0.7866148,0.81945515,0.136358,0.0404512,0.14230344,0.65290517,0.8919322,0.005259298,0.8943954,0.43459296,0.15051904
0.16980425,0.09136135,0.32432634,0.07691097,0.047744974,0.35049242,0.061786603,0.1959105,0.11988461,0.383363,0.4159946
0.18980305,0.03772819,0.28584304,0.16792223,0.33873665,0.09678944,0.40392518,0.22831786,0.21620026,0.34522197,0.046480697
0.53430617,0.40115923,0.0209009,0.03734422,0.5289627,0.01039718,0.055792168,0.063982695,0.9827489,0.37237826,0.88058335
0.2575806,0.2819593,0.043261867,0.33883235,0.017564617,0.38581786,0.06939199,0.067071036,0.28197798,0.0556577,0.04629925
0.16546465,0.13322693,0.2447637,0.07468457,0.014193653,0.37211558,0.55859053,0.03739247,0.20968978,0.2576349,0.37546435
0.049280882,0.0374458,0.09918365,0.40996704,0.17826372,0.049409848,0.053729884,0.013127033,0.8671863,0.5043936,0.11582544
0.31178707,0.2637536,0.057220526,0.045458388,0.04423488,0.017910583,0.27738076,0.016783364,0.83899015,0.6502075,0.7109088
0.024880905,0.031098202,0.23577785,0.2139332,0.08641541,0.58980584,0.07821308,0.05901962,0.16420135,0.22870621,0.56709737
0.06341334,0.026732255,0.035272624,0.018754339,0.072749466,0.8114551,0.08208714,0.008267828,0.11312415,0.86263335,0.08784178
0.72799504,0.80104536,0.304705,0.04423271,0.031604372,0.29133353,0.5095858,0.33727244,0.4821096,0.11478886,0.72649336
0.13406675,0.05185326,0.13292335,0.07433523,0.002487295,0.23286879,0.7436759,0.0059306673,0.24490249,0.04434165,0.2408617
0.032098483,0.022597313,0.1981759,0.15120034,0.16239227,0.039976593,0.028769584,0.005945348,0.13200566,0.09259725,0.09321377
0.1902969,0.055260602,0.080804236,0.062323496,0.1287815,0.03667483,0.043812484,0.045784105,0.35924038,0.1191627,0.4972455
0.45456955,0.12310753,0.29499307,0.22237949,0.08209879,0.14052023,0.22694233,0.022397073,0.32811284,0.19504811,0.14751856
0.4737709,0.34735706,0.16875847,0.053787604,0.27512577,0.014145104,0.020428712,0.19078572,0.19950914,0.02967437,0.4760799
0.07468434,0.036466587,0.061367612,0.29549706,0.13788952,0.16517724,0.032906376,0.041529734,0.61005807,0.115261726,0.52604735
0.0065400675,0.13179304,0.1898251,0.06212625,0.0827805,0.02643863,0.20722361,0.015017223,0.20637316,0.06103874,0.036999106
0.12269658,0.029502057,0.4711168,0.15027377,0.03914427,0.18275072,0.037084293,0.10158388,0.10301757,0.50220025,0.85347074
0.35529345,0.10154159,0.212471,0.20490997,0.57769984,0.004247885,0.01293546,0.43632564,0.19458476,0.1016527,0.4990124
0.000922464,0.0013286612,0.37994847,0.5572334,0.01288007,0.61805123,0.026884314,0.008844875,0.022755893,0.44119665,0.030016188
0.6399747,0.25593007,0.071468495,0.32419607,0.31539422,0.012403886,0.043495424,0.22871222,0.5187705,0.48067448,0.4014833
0.21777664,0.23012389,0.22049192,0.118651785,0.5025217,0.02236528,0.7622938,0.36009192,0.88001394,0.2694672,0.56068534
0.063152894,0.123711474,0.2794556,0.3388676,0.19583683,0.36241585,0.2845071,0.15578915,0.05289223,0.06419779,0.10148089
0.5279874,0.2408144,0.05310451,0.023281008,0.19361766,0.12282689,0.45016766,0.54178774,0.19506465,0.70181495,0.1002247
0.012455488,0.41514876,0.56586534,0.12738608,0.019059794,0.81315666,0.5511343,0.0059300987,0.11891952,0.17594539,0.19280066
0.23898359,0.23298712,0.036779113,0.08093595,0.1615713,0.23834856,0.44424543,0.10534267,0.39960942,0.06546371,0.7358359
0.016318575,0.08371255,0.49609053,0.26438728,0.42180136,0.5350319,0.20943506,0.24400577,0.13508207,0.43713242,0.050379135
0.086966716,0.4303707,0.39864582,0.19669534,0.50140727,0.047356747,0.6519726,0.13949117,0.61679226,0.71056503,0.100938454
0.07797286,0.4224733,0.068945445,0.17992131,0.40265885,0.17014894,0.090041466,0.03235712,0.36567876,0.04809652,0.37121448
0.40812477,0.13134241,0.21405628,0.05757101,0.31212184,0.113403976,0.186825,0.020071164,0.5716577,0.1282963,0.09396807
0.3363928,0.0069722086,0.07388406,0.11871024,0.0039890413,0.82707864,0.05665338,0.25039586,0.01350999,0.025364013,0.10649528
0.07826698,0.41207927,0.32616454,0.10801539,0.3782813,0.20316227,0.33202115,0.043977976,0.35619769,0.45329836,0.56603223
0.5701745,0.13724893,0.7622599,0.06495923,0.10994528,0.10791503,0.81860226,0.03380717,0.4943193,0.29220846,0.84015024
0.19383529,0.049824674,0.0016091097,0.15441409,0.019579692,0.22934033,0.0032730727,0.07162996,0.297929,0.15548721,0.12574984
0.34266612,0.26078036,0.32497776,0.05109168,0.027599318,0.062274415,0.091011375,0.030436559,0.4684278,0.18310617,0.6724372
0.03284834,0.021173585,0.14912815,0.60172844,0.34411082,0.23608866,0.031869557,0.04118915,0.03254294,0.10551713,0.07322964
0.61059403,0.08225821,0.3524101,0.04359842,0.43305984,0.35822758,0.28665802,0.9370307,0.53932637,0.14455223,0.770876
0.8700016,0.4451798,0.106331214,0.10908721,0.5836393,0.03327964,0.34591976,0.450787,0.7844173,0.02870491,0.3514927
0.28076306,0.12376463,0.15802413,0.04574561,0.028671311,0.26347792,0.046438463,0.6914941,0.110506594,0.036302857,0.13057634
0.897961,0.3716655,0.07614712,0.19260198,0.31116816,0.091791816,0.10603619,0.36064306,0.78858995,0.26737425,0.36822277
0.4784179,0.25108424,0.12600848,0.021623496,0.009376414,0.07506984,0.17765877,0.018649528,0.6113424,0.30508524,0.39169824
0.87239844,0.39003453,0.05060297,0.06821599,0.31158328,0.139659,0.1213517,0.08591526,0.805712,0.18300265,0.48709115
0.8980683,0.65154874,0.2375673,0.014583318,0.018287154,0.35588765,0.21059418,0.59433633,0.8976699,0.01623775,0.8663409
0.20474957,0.15012752,0.2146506,0.062465597,0.3393765,0.18087618,0.062123604,0.34357157,0.07309796,0.09299162,0.1586479
0.27476174,0.054440532,0.09559851,0.11336258,0.32965422,0.071769886,0.2160043,0.23892999,0.57605624,0.10798628,0.4793622
0.078379296,0.07485699,0.5761705,0.13171798,0.4313336,0.38752443,0.59183216,0.029504497,0.049785957,0.51988256,0.21320589
0.042080652,0.19569775,0.1383192,0.17540559,0.095769405,0.09425111,0.29076698,0.40602803,0.22599731,0.031203266,0.092212796
0.3620539,0.032604787,0.051147785,0.07232612,0.3109291,0.054701008,0.03561704,0.49065897,0.052627616,0.0013306786,0.116840504
0.15205103,0.21657692,0.41182497,0.22831084,0.099995136,0.19913308,0.39890605,0.13807876,0.1836379,0.10172875,0.11101864
0.55464077,0.010008688,0.120089516,0.38253686,0.4054834,0.060432535,0.0019253239,0.44763178,0.24454308,0.27478057,0.19403078
0.37892812,0.5159656,0.18083169,0.055996392,0.041770026,0.13368909,0.21315823,0.12693466,0.84901184,0.22700086,0.912282
0.038903568,0.05617706,0.36105803,0.22707924,0.53032464,0.25242755,0.097124524,0.28782514,0.08409262,0.012903844,0.028205179
0.7544582,0.09400524,0.7162277,0.0479729,0.021994095,0.5659065,0.66555107,0.18720509,0.7107856,0.028332682,0.24262941
0.103372574,0.32393304,0.2922559,0.0871122,0.20001951,0.259603,0.35818785,0.3111691,0.13258131,0.17962496,0.22091371
0.48242188,0.40826,0.65488183,0.095932946,0.14754088,0.68162733,0.5597603,0.0056677414,0.72623426,0.8188467,0.81290835
0.033526503,0.09150629,0.06456664,0.2983201,0.13088056,0.2630902,0.010148066,0.04598464,0.031058943,0.019801265,0.2547192
0.6081912,0.22684607,0.04291749,0.03013459,0.011663544,0.2013672,0.4638666,0.013335928,0.8758801,0.6381853,0.7106796
0.04627687,0.01334233,0.5784059,0.055745568,0.03725104,0.44550496,0.71652025,0.026497373,0.19876821,0.17905687,0.2781912
0.26797292,0.026512014,0.16215421,0.0335877,0.020048212,0.5133739,0.4140163,0.12120118,0.057931006,0.52440524,0.035076916
0.4714922,0.42115825,0.23816101,0.08826935,0.073673286,0.61701185,0.84931934,0.09934336,0.19296022,0.012201056,0.5072855
0.25453046,0.40637448,0.5268825,0.057136796,0.14972539,0.09386462,0.32850137,0.0014845703,0.28420845,0.5782178,0.4242819
0.86255485,0.089845575,0.16361582,0.07850931,0.24739225,0.25063986,0.19541,0.09777228,0.47018215,0.065761946,0.5928629
0.801297,0.034900002,0.39235586,0.033753306,0.11893784,0.46283108,0.2522951,0.47487167,0.19989188,0.23985955,0.016603054
0.081424765,0.010866864,0.0985666,0.036835175,0.047436815,0.28705016,0.06701529,0.13088691,0.040083293,0.010813459,0.18497396
0.2271415,0.12178499,0.23970339,0.23860906,0.04476003,0.6818707,0.013854341,0.13863517,0.29402572,0.14816386,0.31295073
0.15337335,0.0068263365,0.21300264,0.14302449,0.19336875,0.107986845,0.028618919,0.009371813,0.96287626,0.9590478,0.16711359
0.0066340137,0.029536193,0.21866858,0.20325616,0.17123744,0.11914169,0.07118631,0.005849941,0.3703286,0.09220402,0.38839433
0.008332121,0.028075185,0.1426124,0.39873847,0.14392132,0.21739233,0.01903203,0.016803624,0.031430624,0.32593158,0.048432343
0.5221952,0.069855794,0.10294093,0.07904686,0.18334436,0.010727244,0.031264503,0.1418405,0.29141986,0.18840234,0.12723517
0.023911877,0.016738297,0.037371933,0.37642118,0.16586484,0.3035543,0.040674724,0.024721872,0.0667519,0.12879226,0.0658811
0.05448164,0.016283257,0.71525425,0.01995754,0.05278476,0.0321323,0.7547641,0.020239873,0.043291904,0.17009464,0.08006227
0.13140799,0.069440395,0.20539661,0.2281693,0.19506478,0.042170346,0.29813242,0.025290031,0.7581436,0.3496768,0.5236755
0.41440785,0.058341026,0.5717888,0.21700738,0.22511418,0.31040725,0.5466979,0.14709009,0.46686998,0.6677925,0.046056416
0.10331764,0.40300465,0.3450249,0.21828702,0.6139591,0.12085186,0.55829656,0.16735445,0.25895444,0.112322375,0.14021555
0.3193997,0.19919711,0.06650937,0.023538582,0.043439563,0.0059054,0.017423576,0.016008545,0.6813211,0.10233103,0.9801317
0.018093638,0.028858159,0.4992929,0.10401974,0.080277584,0.89765465,0.48698878,0.0034391594,0.06369567,0.016859284,0.113758445
0.014833453,0.010900888,0.10507439,0.109369,0.046602476,0.019532567,0.012072539,0.014100692,0.015799295,0.20216595,0.030475652
0.7259324,0.52138627,0.13731374,0.022030652,0.05163234,0.019448476,0.576028,0.2254195,0.83874637,0.28657958,0.36663967
0.042342335,0.044842888,0.1017418,0.1333208,0.052358802,0.49163917,0.00948655,0.010332467,0.03038191,0.17608176,0.16719763
0.6409684,0.08015939,0.1816879,0.10310899,0.0467593,0.06666879,0.5375987,0.01779086,0.3612541,0.08538925,0.66960466
0.025292454,0.050591193,0.16904737,0.34219283,0.29273602,0.4069682,0.08111614,0.13776189,0.25877395,0.11822856,0.16916402
0.41698462,0.18518464,0.2263378,0.11947513,0.16242893,0.070146166,0.052390974,0.6604298,0.03925773,0.0055697504,0.15485089
0.40671715,0.55503124,0.17276871,0.07035453,0.17810696,0.09942835,0.26369485,0.02123888,0.5922359,0.13444419,0.42161825
0.015338385,0.046090946,0.24329288,0.40594468,0.5466235,0.07413546,0.10713128,0.020240052,0.07687336,0.21950124,0.4738583
0.1624234,0.15117194,0.53727186,0.28464124,0.30190948,0.42133644,0.8708216,0.37221074,0.12304515,0.41469747,0.5603188
0.12382809,0.11120069,0.18468423,0.039915625,0.005569563,0.3109074,0.21046014,0.096384145,0.03699577,0.14646246,0.09643871
0.2602035,0.22281067,0.037421763,0.021759098,0.022674529,0.012824666,0.006431892,0.18936808,0.0950216,0.1226084,0.74436927
0.03785889,0.074285336,0.17711581,0.11775919,0.50277203,0.034945223,0.12602727,0.012229329,0.53760964,0.62097955,0.43482342
0.03078538,0.23550259,0.046543434,0.27154124,0.11185374,0.18130733,0.013927609,0.015122141,0.20267493,0.04536544,0.30527255
0.023576671,0.08034247,0.059463903,0.16072811,0.21297495,0.20385696,0.33174306,0.5380417,0.4861348,0.09451548,0.07519646
0.08817482,0.14188097,0.14332378,0.0696608,0.6192071,0.03944267,0.031572334,0.0072363014,0.89942455,0.29940686,0.28935495
0.01045324,0.08945516,0.47241065,0.24528776,0.12589388,0.54679483,0.3489884,0.04500583,0.04273703,0.051038165,0.1696776
0.13451222,0.031593263,0.57847196,0.04709573,0.05335837,0.6647133,0.6027789,0.00205543,0.27885535,0.59912384,0.27719688
0.05382383,0.08531464,0.39695638,0.099014774,0.3971063,0.43556052,0.52199155,0.03627287,0.031422522,0.1058129,0.10005111
0.3979906,0.27849767,0.07823924,0.077469096,0.5571294,0.018566985,0.16321708,0.16029494,0.73901063,0.54552937,0.6921355
0.86892015,0.09266911,0.0877108,0.05631868,0.029429844,0.15661858,0.07330924,0.27407566,0.13663451,0.11926259,0.7709078
0.20520456,0.11285566,0.6189222,0.15291162,0.047734655,0.48181066,0.25285774,0.20143086,0.11120521,0.7051827,0.47387722
0.2237061,0.09168821,0.11731035,0.05727403,0.08324657,0.010300485,0.73327595,0.4419052,0.63485926,0.27659777,0.047745585
0.071475476,0.20251797,0.09492274,0.35887733,0.47695434,0.18319896,0.03983647,0.20010832,0.6075952,0.004547426,0.539874
0.8351033,0.120072514,0.09504407,0.075080834,0.12691408,0.5270521,0.01631572,0.3703676,0.5783473,0.07982169,0.21205823
0.14280832,0.008967575,0.08588583,0.52314055,0.10234544,0.1539698,0.008414955,0.15114734,0.036762584,0.054280154,0.089133956
0.026353944,0.075711906,0.3527097,0.045152023,0.21518563,0.48903495,0.13571781,0.047249682,0.026375873,0.15305246,0.052679673
0.16547212,0.021704156,0.033385415,0.06102963,0.03007974,0.24409728,0.02543405,0.014452177,0.5706286,0.28284174,0.06841613
0.077885516,0.0833159,0.30485314,0.30983758,0.10342358,0.12418835,0.58127415,0.1740517,0.122574605,0.015588584,0.20579651
0.32295224,0.2839786,0.16338392,0.10644631,0.5618921,0.054943413,0.26920262,0.6340959,0.13586414,0.02968983,0.06810626
0.049021613,0.03908464,0.43313506,0.052975684,0.12765144,0.5363479,0.48488283,0.00033198777,0.267014,0.3512412,0.12468286
0.056764193,0.09578752,0.19493082,0.17078637,0.04462595,0.8650783,0.2609535,0.06534279,0.06801038,0.14750391,0.3202633
0.023499766,0.07557348,0.13041022,0.4086651,0.1796251,0.2088506,0.18529595,0.17687166,0.06218434,0.053859316,0.020277943
0.15264353,0.017928464,0.15640792,0.12743257,0.06499673,0.08036027,0.3051017,0.09382821,0.13515991,0.091482595,0.15585344
0.53795177,0.06966472,0.6582112,0.086576976,0.2364775,0.45822692,0.20044176,0.17889468,0.70654136,0.07708195,0.1900416
0.008489216,0.017137332,0.1366776,0.27833068,0.13952467,0.43885234,0.18730026,0.038025577,0.0088560395,0.0713884,0.015070157
0.028339574,0.21583076,0.12888834,0.8244003,0.14906044,0.039288968,0.07772534,0.13131525,0.037498273,0.05279501,0.076548696
0.015737398,0.09393833,0.07136349,0.10200903,0.0109715015,0.24853146,0.013238715,0.0058055283,0.14593412,0.07238897,0.49760953
0.5613559,0.5459329,0.03519417,0.08050178,0.3481582,0.020633202,0.08308221,0.38116497,0.89590913,0.028958239,0.41444102
0.07301557,0.034764446,0.01678829,0.16242516,0.00845775,0.38216197,0.011706612,0.098093264,0.1520817,0.19270465,0.02864269
0.31269538,0.16646184,0.2233688,0.03963716,0.18531428,0.106125,0.29875657,0.01020941,0.42393428,0.14123814,0.35265723
0.06308539,0.54737127,0.34873226,0.04315749,0.09814201,0.45897806,0.24849586,0.29942235,0.5941202,0.02993646,0.7373761
0.88201284,0.5221345,0.014814915,0.3227448,0.095457524,0.016329769,0.023354266,0.09262762,0.79164195,0.09625624,0.24565859
0.79133487,0.05982978,0.4862155,0.11475816,0.4338439,0.43181112,0.65057236,0.5726372,0.36520243,0.8763577,0.44912705
0.26176652,0.24369048,0.21865408,0.06344652,0.056339487,0.94659966,0.3661655,0.0021250127,0.024894381,0.0027369198,0.013951005
0.0071002794,0.07823422,0.1641508,0.4644755,0.076768585,0.5529753,0.16487539,0.004050606,0.035675604,0.40828377,0.011160214
0.03394631,0.026060691,0.12296957,0.13689715,0.026350008,0.6640949,0.13826564,0.12047839,0.22209787,0.096042916,0.41852763
0.3394398,0.18845776,0.17016704,0.10187946,0.14606476,0.47578698,0.64134616,0.026809093,0.26382554,0.7667075,0.1849652
0.013141841,0.0708238,0.36471817,0.16496855,0.039884657,0.60155696,0.06410546,0.31392056,0.029751949,0.025357729,0.31647912
0.020769168,0.014479056,0.21555017,0.35336018,0.07134248,0.884507,0.16827036,0.36251888,0.013960257,0.67320454,0.08817643
0.06702435,0.28392917,0.3659059,0.35342315,0.09645283,0.20998137,0.53315824,0.041370768,0.12159143,0.20509674,0.08834618
0.016901415,0.05834528,0.08899474,0.05012707,0.04330473,0.07209327,0.042104177,0.0020890723,0.86981887,0.07533084,0.17922616
0.0013686839,0.00090975297,0.21342394,0.06588212,0.05391749,0.14756523,0.0070105903,0.18658395,0.0071929772,0.042938106,0.025084062
0.20306212,0.008660321,0.02592007,0.045563065,0.04478154,0.10469986,0.015308489,0.015268961,0.14525327,0.10582734,0.18682049
0.18449545,0.06164131,0.19603005,0.23585203,0.3038298,0.013991687,0.0646341,0.046755902,0.05326438,0.06400281,0.11117908
0.20974314,0.21311148,0.05703019,0.6060554,0.6178446,0.12820606,0.33267543,0.019030713,0.9320227,0.06977143,0.62083393
0.09650836,0.09846229,0.32616884,0.13584372,0.08516352,0.07202503,0.15486687,0.04561104,0.47914922,0.62274224,0.5234645
0.54221547,0.14331485,0.035278488,0.028866902,0.025062788,0.17399105,0.051716708,0.6452833,0.20509793,0.022934472,0.56970996
0.8858981,0.34217116,0.03315632,0.09680061,0.020178637,0.028738651,0.07039995,0.08611942,0.86851925,0.08981978,0.5101697
0.012557702,0.06332643,0.12032795,0.11424192,0.016210314,0.047915872,0.013193207,0.094110966,0.10935856,0.16417024,0.06337435
0.006712362,0.010864792,0.07478503,0.39820504,0.20229732,0.13829449,0.023125479,0.0018361107,0.05051192,0.67282593,0.10602301
0.025193358,0.056525357,0.0726276,0.08912916,0.09287361,0.028412268,0.02458784,0.06895334,0.10155396,0.03459581,0.2754213
0.10752576,0.057919737,0.04770422,0.24490876,0.15211709,0.10075998,0.010494047,0.041897863,0.092003435,0.56270003,0.48600683
0.25496364,0.23020637,0.012998863,0.14021568,0.14152095,0.42942324,0.052022804,0.04930659,0.09894903,0.00461904,0.6223779
0.0942762,0.01836182,0.029837465,0.07397799,0.03063689,0.055236235,0.0023757073,0.053181387,0.19157453,0.012344486,0.041048307
0.11710681,0.066911526,0.20484753,0.07908589,0.03351494,0.15460618,0.51244855,0.18652427,0.074976526,0.19006008,0.3659372
0.017537888,0.5333517,0.11739191,0.32992637,0.16481802,0.11465852,0.0073639182,0.022512753,0.08239042,0.024292106,0.49561167
0.32970545,0.19122283,0.22598779,0.35954174,0.21841998,0.31876087,0.20503767,0.60392344,0.1330606,0.75050074,0.15471286
0.41172916,0.15436049,0.022483934,0.08424773,0.059222937,0.17707755,0.21811804,0.11174476,0.4519908,0.36558816,0.41462538
0.6510732,0.1214541,0.24165261,0.045543585,0.075267226,0.2394639,0.77512354,0.14359033,0.29556143,0.048879698,0.32068446
0.3185433,0.1725053,0.21865928,0.026613252,0.2259197,0.0040638647,0.3252142,0.043940753,0.9962053,0.51770097,0.8872763
0.1840184,0.06759129,0.026048614,0.056055482,0.028955521,0.15543465,0.14349401,0.053075444,0.26557052,0.07042621,0.32731724
0.19618292,0.067882225,0.15678811,0.098526865,0.015287478,0.11776648,0.62838835,0.3484702,0.37132838,0.22463535,0.39890334
0.27875808,0.42941752,0.17422141,0.03577586,0.19285786,0.15388298,0.2849541,0.5270014,0.21823867,0.008219906,0.18754561
0.36910668,0.036356386,0.34004146,0.2397986,0.11845329,0.74049723,0.24897629,0.30673313,0.41147518,0.24154955,0.5668918
0.918356,0.3434775,0.027553674,0.07634884,0.1404268,0.005633306,0.031678498,0.3731718,0.5923885,0.0034874238,0.92028517
0.7968765,0.58034915,0.04863601,0.05436914,0.02980901,0.05034352,0.5340529,0.9057845,0.49672616,0.03507466,0.67552185
0.048386276,0.030574195,0.72135925,0.1061659,0.36710605,0.5109085,0.43599865,0.14779234,0.087068945,0.3214061,0.25054312
0.40883878,0.47389677,0.18261671,0.13634504,0.14672509,0.062476657,0.32023928,0.21886069,0.87918,0.28003484,0.75652194
0.34173477,0.6611971,0.3607294,0.19627845,0.11534826,0.1043372,0.66165066,0.076644056,0.27500802,0.22059806,0.29342458
0.6636538,0.077671595,0.13705467,0.018216215,0.39352858,0.57820207,0.39791209,0.09466358,0.77057713,0.84073436,0.71063447
0.10759277,0.013588936,0.14734922,0.10045605,0.16762637,0.776156,0.21926579,0.012095354,0.09518463,0.24188481,0.53658223
0.16958883,0.05525264,0.10541399,0.14669847,0.06503608,0.5253469,0.04073762,0.11749964,0.06994517,0.012585499,0.24784707
0.15084739,0.07520633,0.107396066,0.3906002,0.073958404,0.2532303,0.655206,0.20778789,0.06466391,0.047386315,0.054935087
0.034531377,0.04012103,0.15670437,0.20611705,0.15988103,0.14104876,0.025659777,0.035762355,0.068332374,0.29974684,0.29555696
0.004352355,0.10985668,0.22895287,0.19188544,0.016289178,0.34024277,0.17387116,0.022436947,0.15256181,0.084212445,0.22669494
0.14721906,0.2878842,0.43567643,0.090816386,0.06617631,0.45765004,0.7906242,0.41960505,0.040956724,0.22721545,0.05793279
0.034513496,0.07127007,0.096598275,0.50301033,0.23055767,0.6852517,0.33697605,0.029335393,0.068342395,0.6737538,0.04977417
0.023520533,0.04585295,0.1562449,0.73724383,0.85136825,0.09196902,0.28024143,0.6188878,0.0036047485,0.061332528,0.055565313
0.0043249424,0.028870994,0.10032742,0.05149814,0.17318806,0.29908633,0.09622652,0.007584973,0.085016385,0.23674783,0.10959222
0.6114305,0.16109385,0.15304068,0.11737838,0.069075145,0.21373112,0.36176217,0.08591144,0.6623266,0.51592726,0.5108155
0.2604539,0.030767793,0.01518392,0.20665,0.13625355,0.15435724,0.023669545,0.012928739,0.4279346,0.46622917,0.32311088
0.1208661,0.0099105155,0.27301186,0.48386586,0.685446,0.089325406,0.25955808,0.18849456,0.3704932,0.23302756,0.22116314
0.13953048,0.043009598,0.20298098,0.022413751,0.20266144,0.03076546,0.02231034,0.31433377,0.061329775,0.3530603,0.2090027
0.07362384,0.108002044,0.03467074,0.16545083,0.04560881,0.03801534,0.029799791,0.04339553,0.18808709,0.03740254,0.17074871
0.03722918,0.043717097,0.08006079,0.07727397,0.17879409,0.19216047,0.054088876,0.027140237,0.20339277,0.22521344,0.06464325
0.03366281,0.075433485,0.63784695,0.27900875,0.08071643,0.39860663,0.45072457,0.067335635,0.08559316,0.14021663,0.051614672
0.004789727,0.115802795,0.19436637,0.5629774,0.60494703,0.09218724,0.038880333,0.049873933,0.032286692,0.08353067,0.06801064
0.024747726,0.37217432,0.14308888,0.12091828,0.03316359,0.11563129,0.21314816,0.027377967,0.24426198,0.037200693,0.15676934
0.03481904,0.064378545,0.13881268,0.1393724,0.2827809,0.048773453,0.12832431,0.02813489,0.30717576,0.11496155,0.2632777
0.023545582,0.25884,0.76509994,0.3674275,0.023348095,0.40161392,0.46512976,0.20982447,0.008999392,0.60515904,0.17065205
0.12009755,0.374111,0.06842074,0.06151387,0.038740356,0.0996073,0.25120726,0.15267146,0.40721628,0.055840593,0.39493123
0.5000105,0.2922092,0.07765608,0.50105333,0.42670226,0.0906648,0.10099724,0.33444345,0.19999026,0.024137795,0.023358632
0.34992462,0.3720946,0.24980614,0.12045497,0.104422815,0.21286121,0.41189685,0.019840028,0.5266362,0.28975287,0.42569047
0.07708779,0.34275806,0.40476617,0.15625481,0.15163714,0.012070508,0.13081309,0.04089765,0.22530088,0.10056002,0.3521275
0.50468457,0.07163401,0.321408,0.028145155,0.3393021,0.24404691,0.6211462,0.08247741,0.6241052,0.6562497,0.796373
0.9300766,0.1451612,0.51821524,0.00068426033,0.023459435,0.6827555,0.9951036,0.08166563,0.48922762,0.39627495,0.1706005
0.34783652,0.21408682,0.45615473,0.31977963,0.15582517,0.13673462,0.23321386,0.13228808,0.36652112,0.13808809,0.8610105
0.05775658,0.009340002,0.28270862,0.2938315,0.07963455,0.16717295,0.3782052,0.10117616,0.15825821,0.14216425,0.03533951
0.0024411331,0.016897343,0.25463566,0.2627801,0.7184256,0.9241068,0.14915709,0.0068598776,0.017640859,0.52877975,0.04159023
0.008691132,0.028434062,0.32767957,0.24006078,0.26752353,0.6969045,0.41629413,0.21380956,0.00956789,0.17345774,0.06486819
0.56817126,0.025869353,0.46302694,0.06979073,0.089063324,0.4976825,0.07740253,0.031142917,0.089095615,0.33325735,0.92045075
0.31683743,0.45595068,0.13833518,0.039129164,0.06358955,0.025645727,0.17556205,0.012124949,0.94121647,0.21819241,0.9471491
0.839212,0.026287531,0.042492975,0.029912716,0.0911163,0.014572221,0.22876397,0.26949516,0.5395361,0.12017644,0.35205114
0.023062585,0.073021494,0.109536104,0.44106582,0.28964493,0.06157495,0.0595797,0.0027415599,0.3898292,0.34203768,0.5244745
0.45320016,0.051088616,0.3192959,0.1438695,0.35227293,0.053700585,0.42956507,0.6054499,0.23083971,0.012974886,0.651486
0.46043336,0.57881343,0.11270023,0.07675748,0.14878324,0.065393396,0.34413764,0.18191129,0.68651706,0.007274618,0.098578855
0.811763,0.044687193,0.07796896,0.07288144,0.19316608,0.050727393,0.41854367,0.18909508,0.6357059,0.10798378,0.12370097
0.47447017,0.059603214,0.14848317,0.043796625,0.008138616,0.71124405,0.79011065,0.090753995,0.328609,0.34194905,0.3912991
0.46893,0.5847277,0.15412146,0.050777283,0.29825056,0.0027188717,0.08745773,0.07085495,0.9804545,0.24027817,0.78742844
0.72634727,0.13137273,0.009422429,0.38254768,0.20053104,0.28370613,0.17785726,0.57131463,0.30839315,0.037081804,0.29664293
0.05929097,0.08068985,0.06293023,0.2608963,0.057559308,0.15295364,0.36826816,0.007761179,0.35028076,0.16539693,0.47772226
0.6443521,0.19606617,0.10614585,0.10303938,0.57156116,0.36826542,0.61698645,0.4915573,0.45378673,0.041752048,0.052825704
0.32471824,0.04221492,0.10682376,0.065344274,0.01526135,0.21354556,0.021067344,0.33375517,0.059682377,0.0411142,0.11396664
0.062384285,0.03541077,0.09044058,0.03515197,0.099007644,0.1583499,0.19670694,0.027766509,0.046115268,0.7155922,0.007924618
0.15770042,0.06743642,0.059031747,0.1448056,0.16270846,0.40309954,0.16968365,0.099825315,0.26893875,0.1412156,0.06902778
0.12850985,0.1560582,0.50923866,0.11834168,0.06842853,0.8464573,0.6732241,0.041778162,0.1819697,0.17828071,0.1631866
0.022381755,0.02247069,0.08581016,0.11224797,0.14358653,0.5240365,0.034244735,0.011361596,0.17960255,0.020516142,0.18244837
0.0030639933,0.14379312,0.14515205,0.07326504,0.1273369,0.53950113,0.013526835,0.06904199,0.50465846,0.4001134,0.22191474
0.012606215,0.010389544,0.16179512,0.30967733,0.1022864,0.27155414,0.034139894,0.3763879,0.031742524,0.33654502,0.21738613
0.38301602,0.1117834,0.2522846,0.101665735,0.099951684,0.17385505,0.7148584,0.1315684,0.31804693,0.26472118,0.46060464
0.7004055,0.78253704,0.03159014,0.041450836,0.020779384,0.027758788,0.18874748,0.306175,0.8975998,0.03197857,0.6682972
0.2843408,0.0409969,0.34064874,0.039187007,0.06481013,0.068437204,0.39881298,0.28637955,0.14583524,0.086977206,0.042517133
0.05472282,0.123481736,0.44789407,0.026645757,0.034914903,0.19287491,0.481767,0.09970343,0.105352856,0.1203782,0.052267905
0.07751486,0.23903026,0.79144603,0.41552958,0.5485207,0.018785287,0.6683918,0.10464387,0.7309125,0.93870664,0.80634314
0.1190263,0.109205954,0.17616309,0.017972622,0.07699125,0.053613607,0.5101321,0.026366204,0.41717228,0.59187126,0.16968915
0.10798356,0.0027382749,0.24022117,0.056054346,0.5985659,0.799758,0.042801004,0.020315288,0.31230038,0.3489445,0.44545263
0.018710852,0.0019250398,0.19340642,0.07769677,0.035056278,0.10238511,0.079540566,0.24002773,0.0013227491,0.007733042,0.008781935
0.7409344,0.45944926,0.029158557,0.05329832,0.0443787,0.03563893,0.046095703,0.14240734,0.76920044,0.041470595,0.7323686
0.72903854,0.63051504,0.19087687,0.039010547,0.6079153,0.15018989,0.23452504,0.4815613,0.6315251,0.11188099,0.6005567
0.06550453,0.059572645,0.2132879,0.049410027,0.23937345,0.26427406,0.081705585,0.008782213,0.1705259,0.17579597,0.5521771
0.98678744,0.60011864,0.15125564,0.012331802,0.37959775,0.0008831199,0.13396601,0.41963106,0.94306886,0.22286436,0.91170436
0.5788869,0.13514927,0.19948103,0.015402596,0.0165938,0.014027019,0.14805594,0.2833798,0.21626638,0.042547747,0.12091588
0.0030740222,0.25441477,0.024009626,0.07487354,0.077558376,0.07717286,0.11659345,0.070895515,0.026283287,0.003665606,0.12371931
0.10667704,0.08902328,0.049227033,0.07603009,0.3006158,0.02308147,0.23810071,0.057551563,0.6478587,0.3229436,0.4634683
0.050773807,0.06485224,0.052442014,0.05014151,0.04986023,0.15175876,0.09489862,0.003583112,0.20653221,0.6934976,0.028171897
0.11044726,0.073029496,0.30240843,0.07995104,0.18669298,0.4799959,0.33929223,0.016659517,0.19852722,0.30814764,0.1962405
0.068211965,0.22218712,0.4441572,0.022998655,0.064525776,0.68958163,0.7072673,0.052137658,0.16623057,0.08398972,0.091818035
0.02094144,0.15053721,0.44746926,0.23702048,0.40813503,0.6188141,0.8682714,0.06862337,0.1406434,0.38694948,0.21004361
0.90843827,0.30635178,0.02686425,0.014645532,0.048229538,0.0032564555,0.05919313,0.898525,0.2637109,0.007477444,0.13819893
0.12913811,0.15145865,0.24073346,0.025936697,0.08917403,0.011725157,0.18586907,0.006121197,0.3787782,0.30637288,0.27965948
0.12591057,0.015173869,0.551949,0.040978793,0.2570805,0.07422008,0.4739772,0.6296348,0.17115726,0.11773217,0.41197142
0.03174586,0.41387185,0.1886763,0.10796346,0.3753889,0.1524926,0.08875885,0.0073442687,0.4229843,0.36250857,0.17122374
0.97639585,0.18701772,0.4388834,0.04932181,0.02956589,0.767502,0.8514007,0.081314,0.4656718,0.8410085,0.554599
0.7063131,0.2297659,0.083477624,0.01446205,0.23553687,0.092473924,0.11489446,0.5353037,0.030035095,0.002467963,0.36094287
0.26097307,0.65296555,0.032238383,0.4268856,0.1578788,0.011934281,0.17816545,0.08337323,0.44116646,0.095553525,0.4538347
0.74309254,0.14393455,0.03444651,0.2661628,0.35866556,0.10827609,0.16729249,0.0917889,0.8786564,0.50389194,0.565739
0.033697054,0.039558258,0.18243805,0.043788858,0.04392225,0.006227539,0.0362312,0.5911131,0.07218101,0.13692032,0.25168812
0.08735886,0.36981976,0.052257262,0.12627102,0.025033398,0.105962366,0.073679134,0.011687533,0.24884716,0.1318265,0.3683224
0.29224837,0.008806733,0.022204857,0.16768877,0.097137176,0.010516078,0.04207411,0.8650637,0.074087396,0.12703037,0.18277349
0.06735233,0.18332551,0.021088477,0.1364841,0.12990431,0.1499414,0.045724843,0.055109642,0.13770294,0.075153366,0.17159243
0.45255077,0.51791364,0.07846788,0.05815832,0.08507128,0.03534527,0.49806878,0.0278455,0.8972375,0.13531072,0.8466458
0.12686759,0.54612345,0.121917024,0.18293169,0.030019319,0.20052034,0.44467372,0.036529504,0.42996225,0.09889367,0.145454
0.17515828,0.03485445,0.29158953,0.022308031,0.06235198,0.52149975,0.20914678,0.0036788427,0.7217014,0.14375497,0.66234297
0.30107337,0.4373295,0.25034896,0.116187505,0.020440437,0.471073,0.77003217,0.1674059,0.3027868,0.010454933,0.39712244
0.12524539,0.07389986,0.15948257,0.18634696,0.115314506,0.43563035,0.32511148,0.083796114,0.20724295,0.49553034,0.03639062
0.61899257,0.37841856,0.013004359,0.010622841,0.05374747,0.025142062,0.1280091,0.001120642,0.93665165,0.33035228,0.8536134
0.26682824,0.06487863,0.29542562,0.13858733,0.090319104,0.020770052,0.27649868,0.12187243,0.1511247,0.92032707,0.16785479
0.005261316,0.012958761,0.16000874,0.04644518,0.38958666,0.6034051,0.1886091,0.012151559,0.01281489,0.40608945,0.04038463
0.03751776,0.113037586,0.09729843,0.100818515,0.6106958,0.09847465,0.091390595,0.025293423,0.2972731,0.4466163,0.043703873
0.27635714,0.07224051,0.12744087,0.36274967,0.39244178,0.13842365,0.073855355,0.11440362,0.25448662,0.2592442,0.3761767
0.03765934,0.026709164,0.18007725,0.16800216,0.121491596,0.16952571,0.35141304,0.19508776,0.15649718,0.5196186,0.12838128
0.9200699,0.16891094,0.034508675,0.11255529,0.17187287,0.004643212,0.050026085,0.8694558,0.4564165,0.13145873,0.66292256
0.65126234,0.4491683,0.22820489,0.08327552,0.35634667,0.30305856,0.22153701,0.13202503,0.326878,0.19332927,0.23220325
0.0063279206,0.03103671,0.6291269,0.040645096,0.2004401,0.6551054,0.3171849,0.12511858,0.32768092,0.18948081,0.25349984
0.17371665,0.014117818,0.4939745,0.21881871,0.21682969,0.48127854,0.5625783,0.50197583,0.3709079,0.108939454,0.21206157
0.1852492,0.32981452,0.23636268,0.21807489,0.32386458,0.11016907,0.31790474,0.26788834,0.58202064,0.061737407,0.09533955
0.9532563,0.10318045,0.070972756,0.17957422,0.21079269,0.030909464,0.0441459,0.19464575,0.9397598,0.08461644,0.38769165
0.16038245,0.44166297,0.013464892,0.15794766,0.034440067,0.06375014,0.015143587,0.09281608,0.5538126,0.036264643,0.72401977
0.96042013,0.24190317,0.47040975,0.1180719,0.28075904,0.16561258,0.7297841,0.39487877,0.5026469,0.3783502,0.49345613
0.97459,0.20103876,0.3421243,0.036463324,0.09317551,0.12481908,0.062617235,0.03218102,0.55339414,0.22378936,0.4668372
0.014105726,0.05632707,0.0354022,0.07982962,0.0077741705,0.60395867,0.040568672,0.002719222,0.104420066,0.75180167,0.0019432581
0.032500774,0.15013793,0.27968785,0.1526919,0.065588586,0.18582045,0.38874635,0.009924608,0.2994624,0.069831096,0.40760708
0.8151326,0.24102387,0.07565497,0.08646264,0.7554226,0.38944826,0.03437968,0.09277629,0.47958466,0.15592554,0.36098355
0.030697787,0.012079888,0.4660173,0.027352445,0.52068526,0.70144224,0.84986544,0.057014287,0.15649351,0.78477144,0.14227758
0.09289237,0.042094156,0.73953927,0.31057099,0.1311318,0.08229843,0.20202251,0.17814471,0.09212664,0.39744282,0.19375116
0.6167688,0.36708754,0.002947083,0.14770661,0.08248136,0.013425728,0.00041647183,0.024093933,0.7103809,0.012276177,0.13348928
0.027964013,0.07578395,0.24110949,0.3962195,0.010632242,0.3434993,0.1301725,0.025281554,0.007676945,0.26818728,0.024816466
0.15012117,0.11984261,0.01814743,0.10660597,0.29341295,0.10511215,0.0046083974,0.01689069,0.6693959,0.18574986,0.2481085
0.22228554,0.009372951,0.28983986,0.0800736,0.19066197,0.038910814,0.070888385,0.8187111,0.31059638,0.050968163,0.59825206
0.10186084,0.018954528,0.024753738,0.21188477,0.026140003,0.29396504,0.008410531,0.03487425,0.22460477,0.024142062,0.28234562
0.02567303,0.08670577,0.10903026,0.30480254,0.11567896,0.31773996,0.21188481,0.026980173,0.10765517,0.054545764,0.10553054
0.76481056,0.19103087,0.21731459,0.10255231,0.08875394,0.053195003,0.62813115,0.21135549,0.55710757,0.076068826,0.4896777
0.8418124,0.34945545,0.00522123,0.053556394,0.43287104,0.013477567,0.007069483,0.00397187,0.98025984,0.8857543,0.5301126
0.28731024,0.023830043,0.061957665,0.059457052,0.084014006,0.14898108,0.1186432,0.018007416,0.45750976,0.042175766,0.9572131
0.46666875,0.033065826,0.1419805,0.10777734,0.41363946,0.23128136,0.39210668,0.10384863,0.9300841,0.6568716,0.75983965
0.071568064,0.29705742,0.16322683,0.026476702,0.025515808,0.13673596,0.24619494,0.052991398,0.21636772,0.1679435,0.5874762
0.2041853,0.16071278,0.12882137,0.058546014,0.17203413,0.1795185,0.16000909,0.004041827,0.6739276,0.08180773,0.109631516
0.034106895,0.09293679,0.08973201,0.10340928,0.07958123,0.35088778,0.2903177,0.43472525,0.07640238,0.2844241,0.07752011
0.15139633,0.5978215,0.021197852,0.016579425,0.03388313,0.013446107,0.052978408,0.029602144,0.6944031,0.23345682,0.14669998
0.7208012,0.075787224,0.116430834,0.16689526,0.028049428,0.19011745,0.1445539,0.12715985,0.4266841,0.776288,0.07986298
0.43544963,0.30495363,0.3458821,0.13059309,0.14629985,0.37721905,0.133725,0.07838083,0.18900777,0.14222182,0.86263734
0.4140389,0.2539617,0.059502777,0.036818836,0.062299382,0.010760471,0.22021413,0.13596103,0.637877,0.53072166,0.1863612
0.49526837,0.25626695,0.21610437,0.12680465,0.11861352,0.5128441,0.3144245,0.08699381,0.2633526,0.02735557,0.46767095
0.15141165,0.0870349,0.041786145,0.28195262,0.025983784,0.10592171,0.12104662,0.013380467,0.59456027,0.6456731,0.15958184
0.4334284,0.77352726,0.068011664,0.11801083,0.0491639,0.0113486685,0.6665698,0.10861061,0.4753152,0.03477183,0.20518492
0.23432516,0.3191399,0.18783264,0.23472801,0.33948696,0.084450245,0.21520908,0.18068622,0.50060374,0.009415369,0.28923908
0.29138806,0.0051869242,0.08288478,0.44951105,0.16395298,0.04287851,0.068775974,0.9568217,0.60626715,0.27069807,0.061593566
0.12841055,0.016137451,0.28475332,0.14406767,0.5825963,0.8220017,0.0840596,0.11725779,0.016109938,0.15940624,0.019048395
