x_35,x_0,x_34,x_36,x_89,x_33,x_84,x_90,x_88,x_1,x_104,x_101,x_37,x_99,x_103,x_100,x_9,x_3,x_43,x_44,x_45,x_82,x_5,x_7,x_85,x_2,x_98,x_4,x_106,x_48,x_107,x_108,x_95,x_94
105,57,100,65,8,168,136,1,2,5,3,3,2,1,0,3,4,0,0,0,4,5,2,2,0,0,0,0,0,1,0,0,0,0
112,71,81,73,33,110,140,1,9,2,4,5,4,4,4,4,7,5,0,0,2,4,2,3,0,2,1,2,0,0,0,0,0,0
143,64,91,103,-2,148,141,4,8,2,2,4,4,7,3,2,1,1,4,1,0,4,2,2,1,0,3,1,0,1,1,0,0,1
200,74,95,90,13,158,135,4,10,1,3,4,6,2,3,0,7,6,0,0,2,4,2,2,0,1,0,2,0,0,0,0,0,0
132,74,98,93,10,164,140,4,14,2,4,6,2,8,5,0,7,6,1,1,0,4,0,3,0,0,1,2,0,0,1,0,0,0
161,59,61,93,10,80,150,2,12,3,2,3,3,2,2,6,2,2,0,1,1,5,1,2,0,0,0,2,0,0,1,0,0,0
124,68,73,81,31,124,127,10,17,5,2,0,0,1,2,3,7,6,0,0,1,3,2,2,0,1,0,2,0,0,0,0,0,1
134,66,89,81,37,148,136,9,5,0,4,0,2,3,3,2,7,0,0,1,4,4,0,2,0,0,1,0,0,1,1,1,1,0
134,72,74,82,20,120,141,10,8,6,0,7,3,2,1,4,0,0,0,1,0,4,0,0,1,0,0,0,1,1,0,1,0,0
133,69,91,86,17,160,135,11,16,5,1,5,5,5,3,8,2,0,0,0,2,4,0,2,0,3,3,0,0,1,1,0,1,1
184,72,90,106,21,140,130,1,12,5,1,1,4,2,2,3,6,6,0,1,4,4,0,2,0,0,4,2,1,0,0,0,1,0
184,64,124,104,39,220,130,2,8,3,4,4,3,3,1,3,7,0,1,1,3,5,2,2,0,0,0,0,1,0,0,1,0,0
117,56,81,79,8,124,146,6,7,5,6,3,4,4,2,5,0,1,0,0,3,4,2,0,1,0,1,0,0,1,0,0,0,0
101,58,61,61,2,80,146,3,5,0,3,0,3,3,2,0,7,6,0,1,0,5,2,2,1,0,0,2,0,1,1,1,0,0
123,34,86,84,24,140,134,1,16,3,3,2,4,2,8,4,2,2,0,0,2,4,2,2,0,0,1,2,1,0,1,0,1,1
143,72,93,81,23,160,136,1,11,5,6,4,2,4,4,2,0,2,4,1,0,4,1,0,0,0,0,2,0,1,0,1,1,0
103,61,78,60,14,100,153,5,16,4,6,7,3,4,3,3,1,0,0,0,4,4,2,2,1,0,0,0,0,0,1,1,1,0
130,74,91,83,15,148,141,11,7,6,2,3,0,1,5,3,0,0,1,1,0,5,2,2,1,0,0,0,1,1,0,0,0,0
124,69,82,83,28,110,130,6,4,7,5,5,0,1,3,1,7,6,0,0,1,4,2,2,1,0,0,2,0,0,0,0,0,1
125,70,50,81,1,80,125,-2,7,4,3,6,6,2,2,1,7,0,4,1,0,2,2,3,0,0,0,0,1,1,1,0,0,1
180,64,101,94,49,180,136,1,6,6,2,1,5,2,2,4,6,5,0,0,1,5,1,2,1,0,0,2,1,1,1,1,0,1
53,86,4,3,25,60,140,2,9,3,1,4,5,4,3,2,1,3,1,1,3,4,2,2,1,1,0,2,0,0,0,0,0,1
126,83,92,83,21,150,137,6,10,1,2,3,2,4,3,2,7,6,4,1,0,4,2,2,0,0,0,2,0,0,0,0,1,1
123,52,83,82,13,100,136,2,9,4,4,1,1,6,4,3,3,6,0,0,2,4,0,2,0,1,0,2,0,1,1,1,0,0
103,76,81,62,-11,120,142,3,14,2,6,2,5,2,1,4,6,2,4,4,0,4,2,2,1,0,0,2,0,0,0,0,0,1
141,55,101,95,20,180,143,5,8,7,4,3,2,2,1,3,1,0,0,0,4,4,1,1,0,1,2,2,0,1,1,1,1,1
134,52,91,85,23,140,140,5,14,4,2,5,3,2,1,5,3,0,1,1,0,4,0,2,1,0,0,0,0,1,1,1,0,0
123,82,72,84,10,122,138,5,12,5,3,0,0,5,2,4,2,4,1,0,0,4,0,2,1,0,0,2,1,1,1,1,1,0
116,61,80,78,11,122,136,3,2,0,2,6,7,3,3,5,0,0,1,0,1,4,0,0,1,3,0,0,0,0,0,1,0,1
126,54,72,82,-1,105,137,1,5,3,2,4,2,3,3,4,0,0,1,1,0,4,0,0,1,1,0,0,1,1,1,0,0,0
105,58,63,72,3,90,136,5,11,4,5,3,2,2,5,6,0,3,4,1,0,4,2,0,0,0,0,2,1,1,1,1,0,0
92,48,72,62,1,122,123,6,6,2,5,2,8,4,1,2,4,0,0,0,4,3,0,3,0,0,0,0,0,0,0,0,0,0
166,73,93,91,22,180,133,0,5,2,1,6,4,1,1,4,7,6,1,1,0,4,2,2,0,1,1,2,1,1,1,1,0,0
142,60,74,92,10,120,139,6,14,3,3,5,1,2,3,6,2,0,0,1,0,4,2,2,0,0,0,0,1,1,0,0,0,0
161,65,81,100,4,122,134,3,9,3,3,5,2,2,6,2,6,6,4,4,0,3,2,2,1,0,0,2,0,1,1,1,0,0
125,42,76,82,6,117,138,16,13,1,7,2,4,3,5,4,0,0,0,0,2,4,0,0,0,0,0,0,1,0,1,0,1,1
134,67,93,92,16,160,132,8,4,3,7,3,4,4,3,2,0,0,2,2,1,3,2,0,0,0,0,0,1,1,1,0,0,1
165,77,90,103,10,162,141,5,5,4,5,2,4,1,7,4,5,0,2,0,0,5,0,2,1,0,0,0,0,0,1,0,1,0
110,51,85,75,71,132,138,10,7,6,7,5,0,5,4,4,0,4,3,2,0,4,0,0,1,3,0,3,0,0,1,1,0,0
141,66,81,84,54,130,137,8,5,0,4,7,3,1,1,3,6,1,0,0,0,5,2,2,1,1,0,2,1,1,1,1,1,0
204,68,78,124,29,126,141,10,2,4,1,4,2,1,2,5,1,0,1,1,0,4,0,2,0,0,0,0,0,0,0,0,0,0
154,63,84,88,-2,128,120,5,23,4,3,6,5,1,3,3,0,0,0,0,2,5,0,0,0,0,0,0,0,1,0,0,0,0
143,62,77,86,12,132,130,5,12,6,2,6,1,2,5,3,0,2,4,1,0,6,0,2,0,0,3,2,0,0,0,1,1,0
163,78,90,81,38,160,130,4,6,3,2,7,6,3,4,3,4,0,1,1,0,4,0,2,1,0,0,0,0,1,1,0,0,0
142,75,98,73,17,160,144,2,7,2,5,1,0,4,1,3,6,6,0,0,0,3,2,2,0,0,1,2,1,1,1,0,0,0
133,63,88,85,9,152,142,3,4,4,3,2,1,2,0,3,6,4,0,0,4,4,2,3,0,1,0,2,1,0,1,1,0,1
132,66,97,95,24,120,140,10,6,1,2,5,1,4,3,3,4,6,0,0,3,3,2,2,0,2,0,2,0,1,0,1,1,0
112,73,87,81,15,136,136,12,14,8,3,2,2,3,3,4,6,3,0,1,4,5,2,3,0,0,3,3,0,0,0,1,1,1
113,80,87,75,10,142,139,2,2,3,9,5,1,5,5,2,7,0,4,0,0,4,2,2,0,3,2,0,0,0,0,0,0,0
123,65,79,83,11,128,139,8,5,5,2,2,2,4,9,4,0,0,4,3,0,5,0,0,2,0,1,0,0,0,0,0,1,0
136,90,84,82,20,140,124,6,18,3,8,5,3,5,4,3,0,0,4,0,0,2,0,0,1,0,1,0,1,1,0,0,0,1
65,82,32,22,26,66,140,3,3,3,1,2,3,4,3,2,2,3,0,0,4,4,2,2,1,0,0,2,0,0,1,1,0,1
148,59,85,90,11,144,138,2,13,1,7,1,4,2,3,4,7,0,0,1,0,4,2,3,0,0,0,0,0,1,0,1,1,0
131,64,72,82,-5,108,137,4,13,3,4,1,1,5,5,1,0,0,1,1,0,4,2,0,1,0,0,2,1,0,1,1,1,0
134,87,76,83,-1,132,132,7,3,7,5,2,1,3,3,3,7,0,0,0,4,4,1,3,0,0,0,2,0,0,1,1,1,0
149,50,66,96,24,106,150,1,12,3,5,4,4,4,4,2,6,0,0,0,2,6,0,2,2,0,1,0,1,0,1,1,1,0
132,68,92,81,45,140,138,-1,9,5,3,3,5,1,1,3,4,4,0,0,4,4,2,3,1,1,0,2,1,0,1,0,1,1
152,61,82,92,23,120,131,13,10,3,5,2,1,4,1,0,0,0,0,0,2,5,0,0,1,0,0,0,0,0,0,1,1,0
221,85,72,111,26,110,132,-2,19,0,1,2,3,3,1,4,6,6,0,0,0,4,1,2,1,0,1,2,0,0,0,0,0,1
143,58,78,94,-9,130,137,9,8,8,2,2,3,9,1,9,7,6,1,1,0,7,2,2,0,2,0,2,1,0,0,0,0,0
167,61,94,104,39,158,137,1,6,1,2,5,4,0,1,3,6,3,0,0,0,5,1,2,1,0,0,1,0,1,0,0,0,0
152,70,80,91,36,146,137,5,5,4,3,3,4,2,4,2,7,6,0,0,2,4,2,2,1,1,0,2,0,1,1,1,0,1
105,52,70,62,16,108,146,-2,2,3,2,3,5,5,2,3,0,6,0,0,4,4,1,0,0,0,0,2,1,1,0,0,0,0
122,65,79,94,22,124,142,7,11,3,3,2,0,3,2,3,0,6,4,0,0,5,2,0,0,1,1,2,0,0,0,0,0,0
146,67,85,105,11,150,140,12,6,2,2,7,5,2,4,4,7,0,2,1,0,5,2,2,0,0,0,2,0,0,1,0,0,0
162,69,89,96,9,142,140,1,12,1,3,5,3,2,8,4,7,6,1,1,0,6,1,2,0,1,0,2,0,0,0,0,0,1
194,71,108,111,21,171,142,0,3,1,4,1,0,1,5,1,5,0,0,0,4,4,0,2,0,0,2,0,1,1,1,0,0,0
112,68,85,83,12,134,142,7,10,3,2,4,4,3,0,3,0,0,0,0,0,4,2,0,0,1,0,0,0,1,0,1,0,1
132,45,90,102,7,140,136,4,2,3,3,1,3,3,1,3,0,5,0,0,0,4,1,0,0,2,3,2,1,0,0,1,0,0
105,80,64,61,6,90,153,5,10,1,2,6,2,1,5,2,7,6,0,0,4,5,2,2,1,2,0,2,0,1,1,1,1,0
133,55,85,87,7,128,140,2,2,2,5,4,2,1,7,1,0,0,4,1,0,5,0,0,0,0,2,0,0,1,1,1,1,1
135,83,85,85,12,140,143,8,-3,3,3,4,1,2,6,3,0,0,0,0,0,4,1,0,0,0,0,0,1,0,1,1,1,0
101,64,71,74,53,110,135,4,13,6,2,4,3,3,3,3,0,6,0,1,0,5,2,0,1,1,0,2,0,1,1,0,1,0
213,64,94,113,28,162,140,2,10,4,6,4,5,2,3,2,7,3,0,1,0,5,2,2,1,0,0,0,1,0,1,0,0,0
76,74,62,42,17,80,136,0,19,0,2,4,2,3,3,3,0,0,0,1,2,3,0,0,1,0,1,0,0,1,1,0,0,0
151,57,98,84,17,159,140,3,30,4,3,2,2,3,3,2,6,5,0,1,0,5,0,0,0,3,2,2,0,1,0,0,0,0
144,58,78,80,8,129,128,4,9,4,3,4,0,2,4,5,0,0,4,1,0,4,0,0,1,0,0,0,0,1,0,1,1,0
124,57,87,75,20,138,136,13,7,6,4,1,5,4,3,2,2,0,4,2,0,5,2,2,1,1,0,0,1,1,1,1,1,1
124,74,73,78,1,114,136,2,4,8,0,2,1,2,5,2,0,0,3,0,0,5,0,0,1,0,0,0,0,1,1,1,0,0
149,61,77,91,-12,122,133,-1,12,6,2,4,2,0,7,5,0,0,0,1,2,4,2,0,0,0,0,0,0,0,1,0,0,1
126,65,95,86,13,154,140,7,8,1,2,6,1,3,2,1,2,3,1,0,0,4,1,2,0,2,0,2,0,0,0,0,0,0
185,76,85,87,21,151,143,6,15,5,3,3,5,0,5,3,3,5,0,1,0,5,1,2,1,0,0,0,0,1,1,0,1,0
133,53,91,88,13,144,135,3,13,3,3,2,2,5,5,2,2,0,4,1,0,4,2,2,1,0,0,0,0,1,1,1,0,1
182,90,99,133,-3,164,136,1,10,3,5,1,5,4,3,1,7,4,1,0,0,5,0,2,-1,0,0,2,0,1,0,1,1,1
162,68,81,74,20,126,142,6,8,3,2,4,7,2,3,3,7,6,0,1,2,4,1,2,1,0,0,2,1,0,0,1,0,0
163,66,72,82,-1,110,134,6,6,5,5,2,2,2,1,4,4,6,4,3,0,4,1,2,0,3,3,3,1,0,1,0,0,0
163,80,85,103,19,130,136,-2,5,3,4,8,4,2,1,4,7,6,4,0,0,4,2,3,0,0,3,3,0,0,1,1,0,0
127,65,73,72,14,132,143,1,8,3,1,2,3,0,7,3,5,6,1,1,0,4,2,2,1,2,0,2,1,0,1,0,0,1
106,59,62,73,-3,100,141,5,18,3,1,6,1,2,2,3,0,0,0,0,2,4,0,0,1,0,0,0,0,0,1,1,0,0
133,73,85,83,5,128,146,9,8,2,2,4,1,4,4,6,5,0,1,0,0,4,0,2,0,0,0,0,0,1,1,1,1,1
153,69,92,93,18,140,135,4,7,3,5,3,3,2,3,0,6,3,0,1,0,4,0,2,1,1,0,2,0,1,1,0,1,0
114,47,83,73,-3,120,140,9,5,3,3,6,3,0,7,3,0,5,4,1,0,5,2,2,0,2,0,2,1,0,1,0,1,0
163,62,91,90,34,160,140,8,9,4,4,2,4,3,4,1,7,0,1,0,3,4,1,2,0,0,0,2,0,0,0,1,1,0
144,54,76,92,0,118,133,-1,13,1,1,5,7,7,2,2,5,0,3,3,0,4,0,2,0,0,2,0,1,1,1,0,1,0
177,62,90,103,4,156,143,6,5,1,1,4,7,7,3,2,0,0,4,4,0,4,0,0,0,0,1,0,1,1,0,0,0,1
151,58,112,85,28,210,130,10,6,4,3,5,2,1,1,3,6,0,0,0,3,3,2,3,0,0,0,0,0,1,1,1,1,0
134,57,85,82,6,136,148,5,6,3,0,2,4,2,1,2,0,0,0,1,0,4,2,0,1,0,0,0,1,1,0,1,0,0
163,66,102,103,37,180,136,2,14,3,2,3,4,7,4,3,6,6,4,0,0,4,0,2,0,0,2,2,0,0,0,0,1,0
143,66,92,103,-4,150,137,5,12,3,5,1,2,1,1,0,7,5,1,1,1,4,1,2,1,0,0,2,0,0,1,0,1,0
142,41,82,96,24,120,138,0,1,6,1,6,6,0,0,3,4,4,0,0,0,5,1,2,1,0,0,2,1,1,1,1,1,1
142,77,89,91,-9,146,135,11,16,1,2,0,4,4,4,7,7,6,0,0,1,4,0,2,0,2,2,3,1,1,0,0,0,0
133,74,84,85,24,150,130,6,13,0,6,4,3,2,4,3,5,5,0,0,0,4,2,2,0,0,0,2,0,0,1,0,1,0
153,56,97,91,9,166,153,3,7,2,3,3,3,3,4,4,0,0,0,1,2,4,2,0,0,3,0,0,0,1,0,0,1,1
135,53,91,91,17,152,138,9,12,3,5,2,3,5,2,4,5,0,4,4,0,4,0,0,2,0,2,0,0,0,0,0,0,1
173,67,94,97,17,148,137,3,9,6,1,3,5,1,3,4,6,4,0,0,4,4,2,3,0,2,1,2,1,1,0,1,0,0
134,61,87,82,37,140,144,6,15,3,3,2,5,3,2,4,0,6,3,1,0,4,1,0,2,3,0,2,1,0,0,1,0,0
200,84,90,83,11,145,136,5,8,3,3,4,3,4,3,1,7,6,4,0,0,4,2,3,1,0,0,2,1,0,1,1,0,0
152,84,82,93,11,130,138,3,6,4,0,1,2,2,6,2,7,5,4,1,0,5,2,2,1,2,2,2,0,0,0,0,0,1
147,67,91,95,12,152,130,8,4,4,5,3,6,3,2,3,3,0,0,1,0,4,2,2,1,0,0,0,0,1,0,0,0,0
175,57,100,104,12,158,138,-2,7,3,3,5,1,5,5,1,5,0,0,0,1,4,0,2,1,0,1,0,1,1,0,1,0,1
155,65,85,84,6,136,136,13,9,3,2,5,5,5,3,2,7,3,0,0,0,5,2,2,1,2,0,2,0,1,1,0,0,0
154,78,98,83,-3,159,141,8,10,4,4,2,4,5,1,4,7,2,1,0,0,4,1,0,0,0,0,2,0,1,0,1,1,0
133,68,86,97,6,129,137,13,8,0,2,4,2,3,2,1,4,3,0,1,1,4,2,2,0,0,0,2,1,0,0,1,1,0
164,63,92,102,-5,170,134,3,9,6,3,3,1,2,5,1,7,6,1,1,0,4,2,2,1,0,0,2,0,1,0,1,0,0
129,55,91,85,28,156,144,11,7,5,5,4,2,2,0,3,2,0,0,0,3,4,2,2,0,0,0,0,0,0,0,1,0,1
91,65,99,67,23,170,128,-3,5,4,6,3,4,5,1,4,0,3,0,0,4,4,1,0,1,3,3,2,1,0,0,1,0,1
152,79,84,95,46,130,138,6,11,3,5,4,6,1,1,6,7,6,4,3,0,5,1,3,1,1,0,2,1,0,1,1,0,0
133,62,78,81,-14,124,136,0,10,3,2,3,6,4,4,2,0,0,0,0,4,4,0,0,1,0,0,0,0,1,1,1,1,0
151,80,63,88,17,80,140,8,7,5,1,2,3,1,1,3,6,6,0,0,0,4,1,2,0,0,0,2,0,0,1,0,1,0
133,54,80,87,1,126,129,4,6,2,7,4,7,1,4,2,3,0,4,0,0,3,0,2,0,0,1,0,0,0,0,1,1,1
95,70,83,64,27,120,140,2,8,5,2,3,5,1,1,3,0,0,4,4,0,4,0,0,0,0,0,0,1,0,1,0,0,0
112,54,87,82,19,130,135,0,7,1,3,2,1,4,3,4,0,6,0,0,2,4,1,0,1,2,2,2,0,0,1,0,1,1
165,70,121,94,12,200,132,0,13,1,4,4,4,4,7,4,7,2,0,0,0,4,2,2,0,0,0,2,0,1,0,0,0,1
140,62,79,89,0,132,150,2,5,3,3,1,6,8,6,1,0,4,4,1,0,6,0,2,0,0,1,2,0,1,0,1,1,1
203,59,93,135,-7,168,142,7,3,3,2,1,5,4,5,4,6,0,0,0,2,5,0,3,0,0,2,0,0,0,0,0,0,0
4,66,67,4,16,97,142,-3,8,4,2,3,6,4,4,3,5,5,0,0,2,5,2,2,0,2,0,2,0,0,0,0,0,0
105,42,78,63,-18,122,140,-5,6,3,2,1,2,6,4,4,0,0,1,1,0,4,0,0,1,0,0,0,1,1,0,0,1,1
161,63,106,91,9,150,140,12,16,4,0,3,2,2,3,2,2,0,1,1,0,4,2,2,0,0,0,0,1,1,0,0,0,0
121,63,92,83,-6,138,130,-1,15,4,4,2,4,0,3,3,0,0,4,0,0,4,1,0,0,1,1,2,1,1,0,0,0,0
143,67,86,88,-11,144,133,0,12,3,2,8,5,3,4,4,7,0,4,1,0,5,0,0,0,0,1,0,0,1,1,1,0,0
154,75,83,105,17,140,140,2,12,3,3,4,5,2,2,2,7,6,0,0,4,4,1,2,0,0,0,2,0,0,1,1,0,0
156,66,108,101,24,160,138,8,10,4,3,1,2,2,2,3,1,2,1,0,0,3,2,2,0,1,0,2,1,1,0,1,0,0
145,52,89,105,36,144,133,7,8,7,5,4,2,1,3,6,3,0,4,4,0,5,2,2,1,0,0,0,0,0,1,1,0,0
82,64,62,52,23,90,138,3,4,4,3,2,2,4,4,3,2,5,2,1,2,4,2,2,1,0,0,2,1,0,0,0,0,0
120,67,73,82,30,110,146,-3,7,7,3,4,6,4,2,3,0,0,0,0,4,4,0,0,-1,0,0,0,1,0,0,1,0,1
181,41,121,111,-8,220,132,9,6,4,1,2,2,3,2,3,7,0,4,1,0,5,0,2,-1,1,0,0,0,0,0,1,1,0
144,76,90,92,7,156,133,4,5,1,1,6,4,4,3,4,3,5,2,1,0,6,2,2,0,0,0,2,1,1,1,0,0,0
147,57,96,92,27,160,143,9,11,4,3,6,1,3,3,0,0,5,4,1,1,5,1,0,0,0,0,2,1,0,0,0,0,1
112,69,79,70,15,128,137,8,7,5,5,4,5,2,2,5,2,1,0,0,0,4,2,2,1,0,0,2,0,0,0,0,0,0
142,59,105,96,35,160,138,2,11,2,5,1,1,4,1,2,0,0,0,0,4,4,0,0,1,0,1,0,0,0,0,0,1,0
164,82,86,91,55,137,139,12,9,2,6,5,6,4,6,1,0,0,4,1,0,4,2,2,1,0,0,0,1,0,0,0,1,0
139,64,85,82,2,137,138,11,14,3,5,4,2,4,2,2,0,6,0,0,1,4,1,0,1,0,0,2,1,0,1,0,0,0
137,56,95,83,28,170,130,4,6,4,4,4,3,4,2,5,2,0,4,0,0,3,2,2,2,0,0,0,1,1,0,1,0,0
134,82,86,94,3,140,146,0,6,2,1,2,2,5,4,3,4,0,0,1,0,5,0,3,1,0,0,0,0,0,1,1,1,0
123,65,82,74,24,130,134,-1,4,4,1,2,2,2,4,5,7,6,0,0,2,2,1,2,1,2,0,2,0,0,0,1,1,1
144,77,83,86,-12,130,140,6,15,5,4,1,5,2,1,3,7,2,2,1,2,5,1,3,1,2,0,2,1,0,1,1,0,0
124,60,84,80,27,130,137,10,5,3,4,2,3,2,0,1,0,0,0,0,2,7,0,0,0,0,0,0,0,1,1,0,0,0
152,78,85,115,3,136,144,0,9,5,4,3,5,2,4,3,3,3,0,0,4,4,2,2,0,1,0,3,0,0,0,1,1,0
135,63,85,91,7,136,134,3,8,2,3,4,1,3,3,2,0,0,4,1,0,6,0,2,0,0,0,0,0,1,1,1,1,1
122,66,85,84,18,120,140,-2,6,4,3,6,2,2,3,3,0,6,4,1,0,4,2,0,0,3,1,3,0,0,1,0,0,1
122,74,86,82,22,120,138,-1,9,5,3,4,3,5,2,3,5,0,0,0,4,4,0,2,1,0,0,0,1,0,1,1,1,0
150,63,72,93,-1,130,142,7,6,3,4,2,7,4,1,3,3,0,4,1,0,5,0,3,0,1,3,0,0,0,0,0,0,0
94,69,97,62,7,140,140,7,5,4,3,3,9,4,2,2,7,0,2,1,0,3,0,2,0,0,2,0,0,1,1,0,0,0
151,67,93,93,22,154,134,4,12,5,6,4,4,2,2,5,3,4,1,1,0,4,1,2,1,0,1,2,0,0,0,0,1,1
187,55,105,104,23,150,132,-2,6,4,6,5,4,7,3,0,2,0,4,1,0,4,2,2,0,0,0,0,0,1,0,1,1,1
125,53,80,80,44,140,136,3,9,5,5,2,2,2,3,2,1,0,0,1,0,5,0,2,1,0,0,0,0,0,1,0,0,0
104,68,82,62,13,110,132,4,3,1,5,4,1,1,2,2,6,6,1,1,0,5,0,2,1,2,0,2,0,1,1,1,0,0
164,56,85,82,32,128,143,11,8,2,3,2,1,4,3,5,0,0,0,0,0,5,0,2,0,0,0,0,0,0,0,0,0,0
145,70,80,94,10,142,141,7,12,2,4,2,4,1,5,5,7,0,0,1,1,4,2,3,1,0,0,0,0,0,0,0,0,0
123,67,82,84,21,126,138,6,14,2,1,3,4,2,2,1,0,2,4,1,0,3,2,0,1,0,0,2,1,0,1,1,0,0
147,80,76,86,19,138,138,3,3,1,5,4,3,3,3,3,3,0,4,2,0,3,0,2,1,0,2,0,0,1,0,0,1,0
151,64,90,94,16,146,140,9,11,6,1,3,4,2,3,5,6,0,0,0,2,4,2,3,1,0,0,0,1,1,0,1,0,0
146,50,78,91,13,116,138,4,10,7,1,5,1,1,7,3,0,6,0,0,2,5,2,0,0,0,0,0,1,1,0,0,0,0
132,46,85,80,19,126,139,2,9,5,3,3,4,7,1,1,2,0,1,0,0,5,2,2,1,0,0,0,1,0,0,0,0,0
117,91,82,72,39,126,146,3,10,7,0,6,2,5,9,4,7,6,0,0,2,4,0,2,1,2,0,2,0,0,0,0,0,0
144,80,99,82,3,172,137,11,5,6,2,2,3,7,3,4,2,0,0,0,4,4,0,2,1,0,0,0,1,0,0,0,0,1
181,51,102,101,19,190,139,5,7,6,4,2,2,4,1,6,6,1,1,0,0,4,0,0,0,0,0,2,0,0,0,0,1,0
173,73,88,104,34,138,130,-4,12,2,2,2,3,3,2,2,7,3,1,1,0,3,1,3,0,0,1,2,0,0,1,0,0,0
175,73,90,104,11,148,140,3,10,2,3,4,2,6,0,1,6,6,4,3,0,4,2,2,1,0,0,2,0,1,1,0,0,0
126,68,97,81,8,140,134,3,14,3,1,5,3,5,0,2,0,6,0,0,0,4,0,0,0,0,0,2,1,0,1,0,1,1
154,49,98,105,8,154,140,5,8,3,5,3,2,1,1,0,6,0,4,1,0,4,0,0,1,0,0,2,1,0,0,1,0,0
101,83,90,64,26,140,138,13,8,2,1,4,4,2,2,3,7,2,0,1,0,4,0,2,0,3,0,2,0,0,0,0,0,0
163,59,83,91,9,143,140,-1,12,3,0,4,2,2,2,4,7,0,4,1,0,4,0,2,0,0,0,0,0,1,0,1,1,0
151,68,93,88,3,154,141,0,5,3,1,1,3,3,5,3,7,5,0,1,0,4,2,2,0,0,0,2,0,0,1,0,0,0
135,71,78,86,26,116,141,8,7,3,1,2,4,6,0,7,3,0,1,1,0,5,0,2,1,0,0,0,0,0,0,1,0,0
164,57,93,112,5,140,122,5,17,5,3,2,4,1,0,4,4,0,1,4,0,4,0,2,0,0,0,0,0,0,1,1,0,0
161,71,102,81,7,160,141,5,10,4,2,5,3,2,3,2,7,6,2,1,0,4,1,3,0,1,0,2,1,1,0,0,1,0
143,65,80,84,23,130,130,8,3,6,6,1,1,2,4,1,7,3,1,1,0,4,2,3,0,0,0,0,1,0,0,0,0,0
138,54,84,88,51,140,138,8,4,3,5,3,3,4,0,4,7,0,0,0,0,5,2,2,1,1,0,0,1,0,0,0,0,0
133,48,87,90,6,140,136,11,10,9,2,6,1,4,2,3,3,6,0,1,0,4,0,2,1,1,2,2,1,0,0,0,0,0
132,59,87,83,32,130,143,6,13,3,2,2,6,1,2,3,1,0,0,4,3,4,0,2,0,0,0,0,0,0,0,1,0,0
122,67,71,81,0,120,140,3,14,3,2,4,2,3,0,1,0,0,0,0,3,5,0,0,1,0,1,0,1,1,1,1,1,1
123,45,69,80,3,102,137,5,10,2,4,1,5,4,2,4,0,0,0,1,0,4,0,0,0,0,0,0,1,0,0,1,0,0
122,46,93,74,13,140,137,5,2,3,2,3,2,2,4,2,0,0,0,0,3,4,2,0,0,0,0,0,1,0,0,1,1,0
85,82,75,64,21,120,138,-1,7,2,4,4,3,5,3,3,0,0,4,4,0,5,2,0,1,0,0,0,1,0,0,0,0,0
163,47,125,114,2,220,142,5,14,4,3,2,3,1,3,4,7,0,4,3,0,4,1,2,1,0,0,4,0,1,0,1,1,0
153,69,92,94,43,142,137,9,12,5,4,0,3,0,4,4,3,4,0,1,2,4,2,2,0,0,0,2,0,1,0,1,0,0
132,74,84,97,33,138,135,10,8,6,5,5,1,4,1,3,7,6,1,1,0,4,2,2,1,2,0,2,1,1,1,0,0,0
171,66,83,114,23,146,136,3,14,1,3,2,2,2,3,4,7,2,4,3,0,4,1,2,2,0,0,2,1,1,0,0,1,0
182,79,90,102,27,143,138,3,7,6,2,2,2,0,1,1,7,0,1,0,0,5,2,3,0,2,0,0,0,0,1,0,0,0
171,81,99,82,19,162,138,5,10,1,3,2,7,5,2,3,7,0,1,1,1,4,2,2,0,2,0,0,1,0,0,0,0,0
112,80,97,82,20,164,134,5,1,3,3,3,4,2,0,6,0,0,4,0,3,5,2,0,2,0,0,0,0,0,1,1,1,0
120,62,74,90,21,126,143,3,3,2,3,2,5,4,2,4,7,5,1,1,0,4,2,2,0,1,0,2,0,0,1,1,0,0
163,53,82,104,11,130,140,9,11,2,2,0,8,5,3,4,7,0,4,1,0,4,2,2,0,0,0,0,1,0,0,1,0,1
55,72,75,2,26,110,134,-1,12,1,2,3,3,3,5,3,7,6,0,0,2,4,1,2,0,0,0,2,0,0,0,0,0,0
163,68,90,84,26,142,136,6,10,7,4,1,1,3,0,5,6,5,1,1,0,4,0,3,0,1,0,0,1,1,0,0,0,0
146,63,93,89,-10,142,136,1,0,2,5,3,3,5,0,5,0,0,0,1,0,4,0,0,1,0,0,0,1,0,0,0,0,0
130,64,78,81,16,126,149,3,11,5,4,3,3,1,1,1,0,0,0,1,4,4,0,0,2,0,0,0,1,1,0,1,0,0
180,56,94,125,11,170,137,6,4,4,3,1,2,10,2,0,4,6,0,0,4,4,1,2,0,0,0,2,1,0,1,0,0,0
142,65,99,104,35,159,117,2,7,4,3,4,2,1,5,1,7,0,4,3,0,3,0,3,1,0,0,0,1,0,0,0,1,0
141,72,84,81,16,131,136,6,13,2,4,4,1,2,4,2,7,0,0,1,1,4,0,3,0,0,0,0,0,1,1,0,1,0
142,56,80,73,3,138,142,-2,7,4,5,4,3,4,1,2,0,3,1,0,0,4,0,0,1,0,0,2,0,0,0,1,0,0
133,69,101,83,1,154,140,1,9,5,3,1,2,1,4,3,2,6,0,0,2,5,2,3,0,1,1,2,0,0,0,0,1,0
166,60,91,100,25,140,136,5,14,1,7,5,3,6,5,4,5,2,0,0,3,4,1,2,0,2,0,2,0,1,1,1,1,0
137,72,73,85,-10,120,129,3,9,5,3,6,7,4,3,2,0,6,0,0,2,4,1,0,1,1,1,2,1,0,0,1,1,0
83,66,72,52,21,100,133,10,15,4,5,1,2,3,3,1,0,4,4,2,1,4,1,0,1,1,0,2,0,0,0,1,0,0
134,92,85,81,-8,130,130,1,6,3,3,2,2,5,2,3,7,6,1,0,4,4,0,2,0,0,0,2,1,1,0,1,0,0
112,67,82,68,-6,124,136,10,4,4,2,1,3,4,2,6,0,2,4,0,0,5,0,0,0,1,0,2,0,0,1,0,0,0
201,59,122,102,29,200,138,-2,7,6,2,7,3,2,1,4,6,6,0,1,0,5,1,2,0,0,0,2,1,1,0,0,1,0
143,70,94,74,-13,160,132,-1,10,2,4,6,3,1,1,4,0,0,0,0,1,6,2,0,0,1,0,0,1,1,0,0,0,0
93,59,88,65,5,146,125,8,12,3,4,4,4,7,8,3,1,0,4,3,0,4,2,2,0,0,1,0,0,0,1,0,0,0
133,69,90,82,13,144,128,8,4,1,2,6,2,5,3,1,7,5,0,0,2,4,1,2,1,0,0,2,0,0,0,1,0,0
111,44,78,81,7,120,136,0,15,2,3,1,1,3,5,7,0,0,2,0,0,5,2,0,0,0,0,2,1,1,0,0,0,0
141,62,81,73,21,120,136,4,7,4,2,3,6,5,2,1,5,6,1,1,0,4,1,2,1,0,0,2,1,1,1,1,0,0
163,81,93,103,32,152,139,12,13,3,0,4,6,5,3,4,7,6,4,1,0,4,2,2,0,0,0,2,0,0,0,1,1,0
106,73,85,72,20,115,140,10,4,7,6,6,0,2,2,2,7,6,4,1,0,4,2,2,1,3,2,4,1,1,1,0,1,0
131,53,82,86,3,120,140,-2,10,1,4,1,1,3,2,4,0,3,4,2,0,5,2,0,1,2,1,3,0,1,1,1,0,1
101,45,89,76,-12,140,140,4,11,5,4,4,2,2,2,3,0,2,1,1,0,4,0,0,0,2,0,2,1,0,1,0,0,0
153,57,87,93,24,142,136,9,1,6,2,1,3,6,4,2,4,0,1,0,0,4,2,0,0,0,0,0,1,1,0,1,0,0
132,66,101,84,24,160,140,-5,6,2,1,1,3,1,3,4,7,0,0,0,0,4,0,2,0,0,0,0,0,1,0,0,0,0
174,68,82,107,12,140,132,6,9,0,2,3,5,3,2,4,7,0,4,1,0,3,2,2,1,0,4,0,0,1,0,0,0,0
165,76,92,91,-3,160,142,8,2,6,5,2,2,5,3,2,3,4,0,1,0,5,1,2,0,0,0,2,1,1,1,0,0,1
140,56,81,85,26,146,139,5,12,8,5,0,1,2,0,4,0,6,0,2,0,4,2,0,0,0,0,2,0,0,0,1,1,0
144,65,83,92,-13,126,139,2,5,4,7,7,3,4,1,3,0,0,1,0,0,5,1,0,1,0,0,2,0,0,1,1,1,0
133,67,89,80,2,144,130,6,7,4,4,7,2,4,3,1,7,0,0,0,0,4,2,2,0,0,0,0,1,0,0,1,0,0
195,55,79,129,21,130,131,9,-1,2,3,4,6,4,2,11,0,0,0,0,2,4,0,2,0,1,0,0,1,1,0,1,0,0
132,58,86,93,13,144,132,3,12,4,2,4,1,5,4,4,0,1,4,4,0,4,1,0,0,0,2,2,0,0,0,1,0,1
193,63,91,106,20,152,159,11,7,3,2,4,3,2,2,3,7,0,0,1,0,5,0,2,0,0,0,0,0,0,1,1,0,0
116,77,77,70,20,126,136,0,17,5,2,1,3,4,4,3,7,5,0,0,2,4,2,2,1,0,0,2,0,0,0,1,0,1
124,72,91,77,15,150,130,2,5,2,5,4,2,4,1,1,7,2,4,0,0,4,1,2,1,0,0,2,0,0,1,1,0,1
147,39,87,102,6,140,140,2,13,6,1,3,2,1,3,3,1,0,0,0,4,4,0,2,1,0,1,0,1,1,0,1,1,0
183,67,84,103,-9,120,134,-1,-2,4,3,2,3,5,2,3,3,6,0,0,3,4,1,2,0,0,0,3,0,0,1,0,1,0
165,70,86,97,8,126,140,5,7,5,2,3,2,2,4,5,5,3,1,0,0,4,1,2,0,0,0,2,0,0,1,1,0,0
144,78,116,82,12,200,134,-4,3,6,0,4,4,3,6,2,7,5,1,0,0,4,2,2,0,3,1,2,1,1,0,1,1,1
110,70,73,71,-20,110,136,4,10,4,1,5,4,3,4,3,6,3,4,1,0,4,2,2,-1,1,3,2,0,1,1,1,1,0
181,60,91,100,4,147,133,6,12,4,2,2,3,6,4,3,2,3,4,3,0,4,1,0,1,0,0,2,1,0,0,1,1,1
164,67,103,101,34,160,132,5,5,2,8,3,1,2,3,3,7,2,1,1,0,4,1,2,0,1,0,2,0,1,1,1,0,0
146,73,82,85,0,145,134,9,12,2,2,2,1,1,0,5,0,6,1,0,0,4,1,0,1,0,0,2,1,1,1,0,0,0
121,47,81,96,10,122,130,0,7,6,7,3,4,3,2,4,0,0,4,1,0,4,0,0,0,0,2,0,1,1,0,1,0,1
120,62,83,81,16,120,141,10,5,4,2,3,1,3,3,6,0,0,4,1,0,4,0,0,1,0,0,0,0,0,1,1,0,0
133,45,84,83,-2,130,120,1,9,5,5,2,2,3,3,3,0,0,4,0,0,4,0,0,0,0,2,0,1,1,0,0,0,0
101,55,76,62,24,120,138,6,8,1,2,4,3,3,2,1,0,3,0,0,3,5,0,0,3,2,0,2,1,0,1,0,0,1
143,74,92,94,26,138,143,1,7,1,3,5,7,4,2,3,7,6,0,0,1,5,0,2,0,0,0,2,0,1,0,0,1,0
135,71,82,80,28,136,137,8,7,2,5,0,5,3,1,0,0,0,4,1,0,5,2,2,1,0,0,3,1,0,0,0,0,1
121,38,75,81,13,114,136,-2,6,4,1,2,4,1,5,3,0,0,4,3,0,4,2,0,1,0,2,0,0,1,1,1,0,1
137,78,83,93,35,150,138,6,2,5,1,2,4,3,4,3,7,6,1,1,0,4,1,2,1,1,0,2,0,0,0,1,0,1
131,44,81,83,23,130,144,5,10,2,4,2,3,3,1,0,2,0,0,0,0,4,0,2,0,0,1,0,0,1,1,1,1,1
143,57,85,92,11,132,135,3,10,2,1,4,1,4,1,4,0,0,4,3,0,4,2,0,1,0,1,0,0,1,1,0,1,0
135,66,114,82,36,180,121,0,14,5,2,1,4,3,3,5,0,5,4,3,0,3,1,0,1,0,1,2,1,1,1,0,0,0
147,75,89,86,13,148,135,1,10,2,2,1,5,1,1,4,7,4,4,1,0,4,2,2,0,3,2,2,1,1,1,0,1,0
6,47,5,5,14,50,134,6,8,2,7,6,4,4,4,3,0,4,1,1,3,4,2,0,0,0,1,2,0,1,0,0,0,1
184,72,96,103,25,164,140,6,11,2,2,4,6,2,5,5,7,6,1,0,0,4,0,3,0,2,1,2,1,0,1,0,1,0
114,60,83,74,9,144,137,-2,11,2,4,3,4,2,4,0,0,5,1,1,0,4,1,0,0,1,0,2,0,1,0,1,0,1
124,73,93,82,4,156,153,-2,3,2,3,6,7,3,2,2,5,0,4,1,4,4,2,2,0,0,2,0,0,1,0,0,0,1
163,59,122,103,20,210,137,1,9,6,5,4,0,4,5,2,7,6,4,1,0,4,2,2,0,0,1,2,0,1,0,0,1,1
147,65,93,93,13,158,135,8,5,4,1,3,2,2,2,1,3,2,0,1,0,4,1,2,0,2,0,2,1,0,1,0,0,0
144,66,64,81,-1,80,140,10,7,3,1,2,4,1,3,1,7,0,4,4,0,4,0,3,0,0,0,0,0,0,1,1,0,0
133,78,86,81,31,138,127,6,6,2,4,2,1,6,6,1,7,0,0,0,2,4,0,2,1,0,0,0,1,0,0,1,1,0
142,63,85,91,71,144,139,1,10,3,4,4,3,0,2,0,5,2,1,1,0,5,1,2,0,2,0,2,1,1,1,1,1,0
182,66,88,114,28,134,136,3,9,4,3,5,2,0,3,5,7,2,0,0,4,3,1,2,0,0,0,2,0,0,0,0,1,1
142,37,72,95,6,110,136,8,9,4,3,2,1,1,7,5,0,0,4,2,0,4,0,0,2,0,0,0,0,1,1,1,0,0
152,73,89,92,38,138,136,7,11,6,1,3,5,3,4,2,2,0,1,1,0,4,2,2,1,0,0,0,1,0,1,0,0,0
135,58,78,82,-6,127,130,7,13,4,2,6,2,2,2,4,0,1,1,1,0,4,0,0,0,0,0,2,0,1,1,1,1,0
127,62,81,76,1,120,138,7,7,2,1,1,2,4,5,2,1,5,1,0,0,5,2,2,0,3,0,2,1,0,0,0,0,1
195,65,113,105,24,210,131,6,5,5,5,2,4,1,3,3,7,0,4,1,3,5,0,2,0,0,0,0,0,1,1,1,1,0
144,73,98,84,21,164,136,3,9,1,0,5,1,3,4,2,7,2,4,0,0,5,1,2,1,0,0,2,0,0,0,0,0,1
205,75,116,102,5,174,143,7,8,2,1,7,3,2,4,2,7,6,0,1,0,4,1,2,0,0,0,2,1,0,0,0,0,0
121,56,78,88,12,130,143,5,8,4,1,2,5,5,5,3,0,0,3,1,0,4,2,0,0,0,0,0,1,0,1,1,0,0
123,90,44,82,16,80,136,4,13,6,2,1,2,4,0,1,0,4,0,1,0,4,1,0,1,1,0,2,1,0,1,0,1,1
163,61,88,92,22,140,140,5,16,5,5,1,1,4,2,2,7,3,4,1,0,4,2,2,1,0,0,0,0,1,1,0,0,0
132,73,82,84,5,120,130,10,20,5,9,1,0,3,1,1,4,6,0,0,3,4,1,2,0,0,0,2,0,0,1,0,1,0
82,58,41,64,16,78,135,7,12,4,5,3,5,4,3,3,0,5,4,3,0,5,2,0,1,0,2,2,0,0,1,0,1,1
115,65,91,74,10,150,127,-3,9,3,8,5,2,3,5,3,0,0,4,0,0,3,0,0,1,0,2,0,1,0,0,0,1,1
127,53,89,72,-5,147,130,5,5,0,5,8,0,8,1,3,0,0,0,1,0,4,2,0,-1,0,0,0,0,1,1,1,0,0
127,58,79,83,10,132,141,7,7,4,2,1,1,0,2,3,7,6,1,0,0,4,2,2,0,0,0,4,0,1,0,1,1,0
163,58,94,99,-5,156,139,10,6,2,0,1,1,4,2,1,7,6,1,1,1,5,2,2,0,0,0,2,0,0,0,0,0,0
124,65,95,84,2,152,133,9,11,2,2,2,3,4,4,3,0,6,0,0,2,4,0,0,0,0,2,2,0,1,0,0,0,1
108,65,88,69,21,132,139,7,2,2,3,5,2,5,2,5,4,4,2,0,0,4,1,2,0,0,0,2,0,0,0,0,1,1
164,64,75,81,17,120,137,7,13,6,6,4,5,4,3,4,3,0,4,3,0,5,0,2,0,0,0,0,0,0,1,1,1,0
142,40,76,95,4,126,136,8,11,4,1,3,0,5,3,1,0,0,4,1,0,4,0,0,1,0,2,0,0,1,1,0,0,0
144,65,116,95,17,220,139,3,3,3,6,5,4,0,2,6,6,0,0,1,3,4,0,2,1,0,1,0,0,0,0,0,0,0
150,63,73,98,2,122,136,0,10,7,3,4,3,2,4,6,2,0,4,0,0,5,2,2,0,0,0,0,0,1,0,0,0,1
142,54,89,104,33,150,138,1,15,4,4,7,3,1,2,1,3,0,0,0,4,4,2,2,1,0,1,0,0,0,0,0,0,0
128,59,85,81,7,134,143,4,8,3,2,4,2,2,4,8,1,3,1,1,0,6,0,2,0,0,0,2,1,0,0,1,0,1
123,58,92,81,17,146,130,0,4,2,1,6,5,3,4,1,6,1,0,0,3,4,2,2,1,0,1,2,0,0,1,1,0,0
108,72,80,67,11,126,132,5,4,1,3,4,4,3,3,1,0,5,4,3,0,4,1,0,1,0,0,2,0,0,1,0,0,0
143,48,91,102,1,142,138,5,9,0,3,3,3,0,1,3,5,0,4,1,0,4,1,2,1,0,0,2,0,0,0,0,0,0
175,78,86,102,-2,137,140,8,12,6,5,5,5,1,5,5,7,3,1,1,2,4,2,3,1,0,0,2,0,0,0,1,0,0
143,84,92,95,33,155,140,0,9,2,2,0,3,1,3,4,7,6,4,2,0,4,1,0,1,0,0,2,0,1,0,0,0,0
101,56,72,69,-4,112,140,7,4,4,1,5,2,1,3,4,6,6,0,0,0,5,2,3,1,0,2,2,0,1,0,0,0,1
80,67,83,53,8,128,130,-1,10,3,5,3,3,2,7,4,5,0,0,0,3,5,0,2,0,0,1,0,1,0,1,1,0,0
191,67,91,113,15,142,140,7,8,3,3,2,1,3,6,2,0,2,1,1,1,4,2,0,0,1,0,2,1,1,0,0,0,1
141,55,83,86,37,120,139,6,11,5,1,2,4,2,3,2,7,0,4,2,0,5,2,3,1,0,0,0,1,1,0,0,1,0
170,71,76,102,9,134,137,2,3,4,8,4,2,2,5,2,6,3,0,1,3,4,1,2,0,0,2,2,1,0,1,0,0,0
135,64,84,85,15,132,137,9,11,8,1,0,2,2,2,3,1,0,1,0,0,4,2,2,0,0,0,0,1,0,0,0,0,0
125,60,104,85,-4,180,130,-2,4,5,2,3,0,2,3,3,6,0,0,0,1,4,2,2,0,0,0,0,0,0,1,1,0,1
62,56,1,53,0,40,130,7,13,3,2,1,6,3,2,3,0,0,4,1,0,5,0,0,1,1,0,0,0,0,1,0,1,1
83,80,43,41,29,70,146,4,17,1,0,2,3,3,3,3,6,3,4,0,0,4,2,2,0,0,0,2,0,0,0,0,1,0
122,36,86,84,22,140,138,8,5,7,0,3,0,7,4,3,1,2,0,1,3,4,1,2,1,0,0,2,0,1,1,0,0,0
113,80,83,70,14,130,130,12,11,1,3,4,6,2,2,1,2,0,4,0,0,4,0,2,1,0,1,0,1,0,0,0,1,0
152,66,112,94,38,156,137,3,14,3,1,3,1,4,3,2,7,6,1,1,1,4,1,2,2,0,2,2,1,0,0,0,1,1
64,70,31,22,1,70,138,-1,16,1,5,3,6,4,4,3,7,2,0,0,4,5,1,0,0,0,0,1,0,0,0,0,0,1
163,82,82,91,38,170,134,7,-2,1,3,3,5,6,0,3,2,2,0,1,1,4,1,2,0,0,0,2,1,1,0,0,1,0
160,77,64,94,10,160,138,10,-3,4,4,1,8,2,5,5,5,6,0,0,0,4,1,2,1,0,0,2,0,0,0,0,0,0
183,68,82,104,35,140,140,2,11,9,3,1,0,3,6,2,7,5,4,1,0,4,2,3,1,3,0,2,0,0,1,0,0,1
134,56,84,85,-4,150,130,3,9,4,4,1,3,0,2,3,1,0,0,0,1,3,2,2,1,0,1,0,0,0,0,1,0,0
103,81,81,62,41,121,133,2,8,4,3,2,0,5,0,1,0,3,0,0,2,5,0,0,0,0,0,2,0,0,0,0,0,1
121,58,89,81,5,138,146,5,8,9,3,4,5,1,2,2,3,0,4,1,0,6,2,2,1,1,0,2,1,0,0,0,0,0
164,78,96,92,1,148,136,13,7,5,3,0,1,5,1,2,7,1,4,1,0,4,2,2,0,2,0,2,1,0,0,0,0,1
100,71,100,64,22,158,135,2,9,6,3,0,3,5,1,4,0,6,3,1,1,3,1,0,0,2,0,2,0,1,1,1,1,0
134,78,89,97,3,148,138,2,7,2,3,7,3,2,4,2,2,0,4,1,0,5,0,2,1,0,0,2,0,0,1,1,1,1
124,53,95,84,7,150,136,12,11,3,6,0,2,3,4,1,0,5,4,1,0,4,1,0,1,0,0,2,0,1,1,1,1,0
182,74,89,113,9,148,138,13,8,1,3,4,4,2,3,2,0,0,4,1,0,6,0,0,1,0,0,2,1,0,0,1,0,0
163,65,71,89,-15,120,134,9,7,4,6,4,1,2,6,0,3,6,1,1,0,4,1,2,2,0,0,2,0,1,0,0,0,0
185,72,97,97,24,170,136,1,7,2,4,1,4,1,2,2,7,5,0,1,3,4,2,3,1,0,0,0,1,1,1,0,0,0
136,72,83,84,21,144,140,7,4,2,3,2,2,3,1,3,0,0,4,1,0,6,2,0,0,0,0,0,0,0,0,1,0,1
134,64,94,79,-4,148,140,0,7,3,2,4,8,2,1,4,1,0,0,0,2,4,2,2,0,0,0,2,0,1,0,1,0,0
156,63,89,96,10,144,140,6,4,4,4,4,1,0,4,2,0,0,0,0,0,4,2,0,0,0,0,0,1,1,0,0,1,0
110,55,71,73,14,120,138,13,2,3,3,4,6,3,4,1,0,0,0,1,0,4,2,0,1,0,0,0,1,1,0,0,1,0
132,58,80,94,16,119,133,12,10,6,1,2,4,4,0,2,6,0,1,1,0,4,0,2,0,0,0,0,0,0,1,1,0,0
154,69,91,93,16,146,134,4,6,4,2,2,5,1,4,6,6,2,4,1,0,4,1,2,0,0,0,2,1,0,0,0,0,1
162,65,82,87,4,132,136,11,4,1,5,1,1,4,4,3,3,1,0,1,0,5,2,2,0,0,0,2,0,0,1,0,0,0
141,47,75,93,-1,118,136,1,2,5,3,3,4,3,4,2,0,0,0,0,2,4,0,0,1,0,0,0,0,0,0,1,0,0
124,59,73,82,11,116,139,-1,6,3,3,3,4,5,3,6,0,5,1,0,0,5,0,0,0,0,0,2,0,0,1,0,1,1
144,75,100,81,13,168,136,8,15,2,1,2,5,4,1,1,7,2,2,0,0,4,1,2,0,1,0,2,1,0,0,1,1,0
141,50,92,113,4,172,135,-2,7,3,6,4,4,0,1,2,3,2,3,2,0,5,2,2,1,1,4,2,0,0,0,0,0,0
123,54,102,86,-1,144,138,6,4,7,3,6,2,6,5,4,7,2,1,1,0,4,0,2,1,0,0,2,0,1,1,0,1,0
127,65,84,86,18,128,127,5,16,4,3,4,5,5,5,5,0,1,4,0,0,4,2,0,0,2,1,2,0,1,0,0,0,0
132,61,79,82,-4,126,131,-1,9,6,2,8,5,3,4,1,0,3,4,0,2,4,2,0,0,0,0,2,0,0,1,1,0,0
161,56,83,107,0,148,136,11,12,2,3,5,2,5,2,4,6,0,0,1,0,4,2,2,2,0,0,0,1,1,0,0,0,0
121,56,79,93,5,120,132,1,4,3,7,3,6,3,2,4,0,0,4,1,0,4,0,0,0,1,0,0,1,1,0,0,0,1
146,44,74,90,-13,113,139,4,8,5,6,2,1,2,0,2,0,0,4,3,0,4,0,0,0,0,1,0,0,0,0,0,0,1
85,64,43,45,16,80,133,-2,9,4,2,2,4,3,2,3,0,0,0,0,0,4,0,0,1,0,1,0,0,0,0,0,0,0
165,53,94,101,1,148,138,0,7,1,4,1,3,2,2,4,2,0,0,1,0,5,2,2,1,0,0,0,0,1,0,0,1,0
161,72,91,94,24,160,139,9,3,3,2,6,3,1,1,3,1,3,4,1,0,5,1,0,0,0,0,2,1,0,1,0,1,0
129,41,65,84,2,100,130,10,10,5,7,6,4,4,3,4,0,0,0,0,2,4,0,0,0,0,0,0,1,1,0,0,1,0
143,62,95,97,19,156,123,6,9,4,3,4,4,3,7,3,6,5,0,0,2,4,0,2,0,1,0,2,1,1,0,1,0,0
199,65,126,123,3,200,138,6,3,4,5,2,4,4,5,1,6,0,0,0,3,4,2,2,0,0,1,0,0,1,1,0,1,0
148,68,72,93,-3,120,133,11,3,4,4,2,4,4,2,5,0,6,4,0,0,4,1,0,0,0,0,2,0,1,0,0,0,1
122,47,79,83,10,124,124,5,13,6,4,2,4,0,3,4,0,0,0,0,2,4,0,0,1,0,1,0,1,0,0,1,0,0
100,64,73,72,22,140,138,10,10,4,2,3,7,4,4,4,7,6,4,1,2,5,0,2,1,1,0,2,0,0,0,0,0,0
149,72,100,88,12,158,136,5,8,5,6,1,1,2,4,2,7,6,4,0,0,4,2,3,0,0,0,2,1,0,0,0,1,0
156,78,103,93,59,140,153,4,7,3,2,5,2,2,4,2,5,2,0,0,0,7,2,2,0,0,0,2,0,1,0,0,0,1
146,66,101,82,-1,160,146,5,10,2,3,1,1,2,3,3,0,0,0,0,4,4,0,0,0,0,0,0,0,1,1,0,1,1
139,57,80,85,30,132,135,7,7,3,2,4,3,2,3,2,0,0,0,1,0,8,0,2,1,0,0,0,1,0,0,0,1,0
123,72,88,84,-1,156,139,3,16,4,4,7,0,2,1,2,7,6,4,1,0,5,1,3,1,0,0,2,1,0,1,0,0,0
124,66,85,81,25,120,121,8,4,2,0,0,3,4,4,3,7,6,4,1,0,3,1,3,1,1,0,2,1,0,0,0,0,1
114,73,64,75,23,90,137,-4,4,1,4,0,4,2,4,3,7,5,1,1,0,5,2,2,0,1,0,2,0,1,1,0,0,0
112,48,85,72,-6,110,144,2,12,2,5,3,0,8,5,3,0,2,0,0,3,6,1,0,0,0,3,2,0,0,0,0,0,1
186,52,82,113,11,130,128,9,4,3,3,1,2,7,3,6,4,1,4,3,0,4,1,2,-1,0,2,1,0,0,1,1,1,1
126,67,72,83,5,122,134,2,5,4,1,1,2,3,3,2,6,6,0,0,0,5,0,2,0,0,0,2,0,1,1,1,0,1
123,68,87,92,1,144,136,1,19,2,1,2,2,4,4,2,7,6,4,0,0,4,1,2,1,1,0,2,0,1,1,1,1,1
152,69,82,116,35,150,136,-3,6,2,5,5,4,6,2,2,6,0,3,2,0,4,2,3,1,1,0,2,1,0,1,1,0,0
143,65,95,88,15,152,136,5,7,4,3,6,7,4,2,1,1,5,4,1,0,3,2,3,1,0,0,2,0,1,0,0,1,0
124,66,81,82,10,124,146,2,6,4,5,2,3,5,1,3,0,2,2,0,1,5,2,0,0,3,0,0,0,1,1,0,0,0
143,80,72,76,-16,140,141,10,11,7,3,4,0,4,1,6,5,4,1,1,0,5,2,2,1,0,0,2,0,0,1,0,1,0
162,82,99,103,7,162,137,8,10,4,4,1,4,1,2,0,7,0,1,1,0,4,2,3,0,2,0,0,1,0,0,1,1,0
103,65,81,65,14,127,139,10,10,3,2,4,3,10,3,2,0,0,0,0,2,4,2,0,1,0,0,0,1,1,0,0,0,0
91,71,86,63,14,138,138,12,18,4,6,2,1,2,3,1,0,0,0,0,2,4,0,0,0,0,1,0,0,1,1,1,0,1
164,80,89,100,17,154,137,6,6,3,2,5,2,0,3,2,7,0,4,1,0,4,2,2,1,0,0,0,0,0,1,1,1,0
143,63,87,89,20,138,154,2,8,5,6,6,1,2,2,1,0,0,4,4,0,6,2,0,1,0,1,0,0,1,1,0,0,1
153,68,81,92,1,140,133,4,3,4,1,3,2,3,4,4,6,6,1,1,4,5,2,2,1,0,0,2,0,1,1,0,0,0
133,69,88,83,48,138,134,5,9,1,2,5,3,7,7,1,6,0,0,0,0,5,2,2,0,0,0,3,1,1,0,1,0,0
162,82,74,105,-4,130,136,4,10,2,4,4,3,2,6,2,2,0,0,1,0,4,0,2,0,1,0,3,0,0,1,1,1,1
166,46,84,92,8,130,130,6,13,9,7,5,3,1,2,3,1,0,0,0,0,4,2,2,0,0,0,2,0,1,1,0,0,0
164,79,83,102,39,140,143,-1,14,2,6,2,2,5,0,0,6,6,0,1,0,4,2,2,1,0,0,1,1,0,0,0,0,0
85,79,64,44,16,110,138,10,14,3,3,3,7,4,4,3,0,0,4,2,0,6,2,0,1,0,0,0,0,0,0,0,1,0
133,71,85,85,8,133,134,7,3,6,3,6,5,2,2,2,0,5,1,1,0,4,2,0,0,1,0,2,0,1,0,1,0,1
111,48,85,78,37,130,136,-2,10,5,6,4,4,3,1,0,0,0,0,0,0,5,0,0,1,0,0,0,0,0,0,0,1,0
133,46,82,82,20,136,131,3,10,5,2,1,1,4,3,5,0,0,4,1,0,4,1,0,0,1,2,2,0,0,0,1,1,0
163,57,84,100,1,130,138,9,-3,4,4,3,2,4,2,3,6,2,3,1,0,4,0,2,1,1,0,2,0,0,0,0,0,1
151,67,95,92,-1,164,140,6,7,3,4,7,2,3,3,1,3,4,0,0,4,4,2,2,0,1,3,2,1,1,1,0,1,0
132,77,86,85,39,148,140,5,9,2,3,7,4,1,6,0,7,0,0,0,0,4,2,2,1,2,0,0,0,0,1,1,0,0
151,52,82,83,-2,120,131,1,9,5,6,3,2,2,5,3,3,0,4,2,0,4,0,0,0,0,1,0,0,0,0,1,0,1
111,72,74,71,16,122,153,7,11,6,1,1,1,5,4,2,6,0,4,2,0,4,2,2,0,0,0,0,0,0,0,0,1,1
153,75,88,96,32,141,140,6,11,2,5,6,4,2,1,4,6,6,1,1,0,4,1,3,1,3,4,2,1,0,0,0,0,0
171,72,95,92,-8,170,140,10,5,3,3,3,4,2,2,2,7,6,1,0,0,4,2,3,0,0,0,2,1,0,1,0,1,0
122,39,80,80,45,127,139,6,6,3,2,5,3,5,4,2,0,0,4,1,0,5,2,0,1,0,0,0,1,1,0,1,0,0
164,72,81,112,61,136,130,5,11,7,4,1,4,4,2,3,7,3,0,0,4,4,2,2,0,2,0,2,1,0,0,0,0,0
162,69,91,103,-13,160,142,-2,4,3,1,5,2,2,3,4,3,3,0,0,0,4,2,2,0,1,0,2,0,0,0,1,0,0
123,61,89,82,12,148,142,7,11,3,4,2,3,0,3,3,0,0,1,0,0,4,2,0,0,0,0,0,0,1,0,1,0,0
133,55,80,84,6,126,139,7,10,6,0,2,2,5,6,5,0,0,0,0,3,4,2,0,0,0,0,0,0,1,0,0,0,0
163,76,79,93,32,118,140,5,3,5,1,3,2,4,2,3,0,5,4,1,0,4,1,0,0,1,1,2,1,1,0,0,1,0
164,84,95,103,63,156,133,0,11,3,2,4,3,5,3,3,7,0,1,1,0,4,2,3,0,0,0,0,0,1,0,0,0,0
123,55,76,85,1,124,136,2,15,3,1,3,5,2,7,4,0,6,0,0,0,4,0,0,0,0,1,3,0,1,1,0,0,1
153,64,103,99,6,180,140,6,8,4,2,2,2,1,2,4,5,3,0,0,0,4,1,2,0,0,0,2,0,0,0,0,1,0
145,74,85,84,22,125,132,0,8,5,2,2,1,1,3,7,7,0,0,0,2,5,0,2,0,1,1,0,0,0,1,1,0,1
155,39,95,91,3,133,140,10,10,1,3,3,4,2,3,5,0,0,0,0,4,4,0,2,1,0,0,0,1,0,1,0,1,0
135,49,88,84,4,135,138,5,11,3,1,3,2,1,6,0,7,0,0,0,1,4,0,2,0,0,3,0,0,0,1,0,1,1
126,45,85,84,6,131,138,8,2,5,5,2,1,5,2,5,0,0,0,1,2,5,0,0,1,0,0,0,0,1,1,0,0,0
157,74,101,104,48,160,140,6,11,2,5,5,4,3,3,3,7,0,4,3,0,4,2,2,1,0,0,0,0,0,0,1,1,0
133,70,103,96,44,170,133,3,12,4,4,4,2,2,8,3,0,0,4,2,0,5,2,2,0,1,0,0,0,1,0,0,1,1
122,65,81,72,16,116,128,0,8,4,2,2,0,5,2,5,0,2,0,0,2,4,1,0,1,0,2,2,0,1,0,0,0,1
123,65,98,83,-14,160,137,2,11,6,3,5,3,4,2,2,6,0,0,0,0,4,2,2,0,0,0,3,1,1,0,0,0,0
113,70,80,82,39,138,140,5,8,3,2,2,0,1,3,4,7,6,1,0,0,4,0,2,0,1,0,2,1,0,1,1,1,1
122,60,72,80,4,120,135,5,14,7,3,3,2,3,3,1,0,6,1,0,2,4,2,0,0,2,0,2,0,1,1,1,1,0
154,78,97,91,-3,152,137,5,0,3,9,2,1,2,2,3,5,2,0,1,0,4,2,2,0,0,0,2,1,0,1,1,0,0
146,52,84,91,27,130,139,9,8,4,2,1,5,3,0,3,2,1,0,0,1,5,2,2,0,0,0,2,0,1,1,1,0,0
103,63,85,72,12,143,135,7,9,4,2,7,4,2,4,7,7,0,0,1,0,4,2,2,0,0,0,0,1,0,1,1,1,0
132,63,88,85,3,140,139,2,9,5,4,4,7,2,2,3,7,4,1,1,0,4,2,2,0,0,0,2,0,1,1,1,0,0
175,69,73,104,25,124,146,8,8,2,3,3,1,3,1,3,6,0,0,0,1,4,0,2,0,0,0,0,1,0,1,1,0,1
195,76,90,102,29,148,141,4,7,3,3,3,2,4,3,4,6,0,0,1,4,4,2,2,1,0,0,0,1,0,0,0,0,0
145,62,95,62,10,158,125,0,7,4,1,4,2,2,3,4,5,0,1,1,0,5,2,2,0,2,0,0,1,0,0,1,1,0
134,62,78,89,19,131,140,4,2,2,2,4,3,3,3,2,0,4,0,0,0,4,0,0,0,2,0,0,1,1,0,0,1,1
151,69,92,96,-11,140,134,8,8,5,8,2,3,2,4,3,6,0,2,1,0,3,0,2,0,0,0,0,0,0,0,0,0,1
102,61,76,62,11,120,133,1,7,5,9,4,4,3,2,1,0,2,4,1,0,3,2,0,1,0,1,2,0,0,0,0,1,1
134,66,92,81,-17,140,124,6,11,7,6,2,3,3,9,3,0,0,0,1,2,4,0,0,0,0,1,0,0,1,1,1,0,0
149,77,89,83,2,150,129,1,14,3,5,7,6,3,3,3,3,1,4,1,0,4,0,2,1,0,1,2,1,0,0,1,1,1
112,82,82,82,34,100,140,8,22,5,2,5,3,2,3,4,1,0,0,0,3,4,0,2,1,0,0,0,1,0,1,0,1,0
143,87,73,85,15,119,139,4,5,6,3,3,2,0,1,2,0,5,0,0,2,4,1,0,1,0,1,2,0,1,0,1,0,1
173,43,191,113,5,210,143,9,14,3,1,4,2,3,4,1,5,1,0,1,0,4,0,3,1,0,0,2,1,1,1,0,0,0
120,82,83,84,10,140,142,8,8,3,4,2,2,1,4,3,7,0,0,0,0,4,2,2,0,0,1,0,1,0,0,0,1,0
101,51,87,58,18,142,138,9,7,4,7,1,3,3,2,1,2,4,4,2,0,4,0,2,0,0,0,2,0,0,0,0,1,0
168,72,90,97,30,150,146,8,10,3,5,5,3,2,3,4,7,0,1,1,0,5,2,2,1,1,0,0,0,0,1,1,0,0
142,47,94,94,17,140,123,5,5,7,2,4,4,4,4,1,4,4,0,0,4,4,0,2,0,0,0,2,1,1,0,1,0,1
126,74,72,82,2,150,138,3,10,4,3,4,1,1,3,3,7,5,0,1,0,3,1,2,0,1,0,2,0,1,1,1,1,1
181,73,100,131,2,160,131,3,14,3,4,4,3,2,3,5,7,0,2,2,1,4,0,3,1,0,2,0,1,0,0,1,1,1
163,73,84,114,7,150,140,8,13,4,5,2,4,1,2,5,7,3,0,0,2,4,2,2,0,0,0,2,0,0,0,0,0,0
147,64,79,92,6,128,136,7,7,0,1,2,3,0,1,4,7,4,0,0,1,3,1,3,1,0,0,2,0,0,0,0,0,0
154,56,87,93,10,150,138,3,8,4,4,3,2,4,6,3,7,1,4,2,0,4,2,2,0,0,2,2,1,1,0,0,0,1
64,55,63,43,15,80,137,10,11,4,2,5,3,2,3,3,0,5,1,1,4,4,2,0,1,0,0,3,0,0,0,0,1,1
134,49,76,89,26,126,135,8,15,5,1,2,4,6,1,4,0,0,0,0,4,4,0,0,1,0,1,0,0,0,1,1,1,0
172,69,73,103,18,119,137,9,2,3,2,2,6,3,7,1,7,6,1,1,0,5,2,2,0,0,0,3,1,0,0,0,0,1
157,60,110,87,29,162,136,4,15,5,3,5,2,2,2,0,7,6,2,0,0,5,2,2,1,0,0,2,1,0,1,0,0,1
73,58,86,53,3,124,136,3,8,5,3,1,4,1,2,3,0,6,4,1,0,5,2,0,0,3,2,2,0,0,1,1,1,1
153,56,101,93,4,170,134,4,9,1,5,3,2,2,1,3,7,0,1,1,0,5,2,2,1,0,0,0,0,0,1,1,1,1
123,61,82,79,18,128,131,5,10,2,6,7,4,3,4,2,0,3,4,3,2,4,2,0,1,0,0,2,1,0,1,1,0,0
133,60,91,81,30,145,140,6,6,7,4,2,1,5,4,5,7,0,0,0,0,5,0,3,0,0,1,0,1,1,0,0,0,1
135,61,62,83,21,110,140,4,4,3,1,1,4,1,3,0,6,2,4,1,0,4,1,2,1,1,0,2,0,1,1,1,0,1
114,53,102,75,6,145,140,7,8,4,4,4,3,5,2,2,1,2,0,0,0,4,0,2,1,0,0,2,0,1,0,1,0,1
88,68,45,57,-12,60,135,2,10,2,5,2,1,5,2,3,0,0,0,0,0,4,0,0,1,0,0,0,0,0,1,0,1,0
160,52,107,95,7,157,140,2,17,3,2,3,2,0,2,3,5,0,0,0,4,4,2,2,1,0,0,0,1,1,1,0,1,0
122,48,70,84,12,105,122,4,7,1,4,5,4,6,5,6,0,0,0,0,2,4,0,0,1,0,0,0,1,1,1,0,0,0
121,64,78,84,2,124,140,2,14,5,3,5,3,2,2,6,4,6,4,2,0,4,2,2,1,3,0,2,1,0,1,1,0,1
124,74,103,82,38,170,140,1,10,2,6,3,5,1,3,5,3,0,4,1,0,5,0,0,0,0,0,0,0,1,1,0,1,0
143,61,86,93,21,160,141,3,10,4,5,8,1,2,2,4,0,6,4,2,0,4,2,0,0,0,2,2,1,1,0,1,1,0
132,56,95,82,-3,154,136,8,19,4,2,3,3,0,1,0,0,0,3,1,0,4,1,0,0,2,0,2,1,1,0,0,0,0
103,72,81,70,2,136,130,8,8,4,1,5,3,3,1,1,3,6,1,1,0,4,2,2,0,2,0,2,0,1,1,1,1,1
142,74,85,91,-5,140,132,-5,10,5,2,3,6,2,2,1,0,0,0,0,3,3,0,0,1,0,0,0,0,1,1,0,0,0
130,66,79,81,12,134,136,8,8,6,2,6,2,0,2,3,1,2,2,0,0,4,2,2,1,0,0,2,0,1,0,0,0,0
164,47,82,104,9,140,140,5,-1,3,1,4,5,6,2,2,7,0,0,0,0,4,0,2,0,0,0,0,0,0,0,1,1,0
131,47,82,84,17,134,133,8,6,2,2,3,4,3,0,0,0,0,0,0,1,4,2,2,0,0,2,0,0,1,1,1,1,1
101,58,87,65,6,146,136,3,7,3,5,3,2,3,4,1,0,3,0,0,0,4,1,0,1,1,0,2,0,0,1,0,0,1
82,79,22,65,31,60,136,3,25,7,5,6,2,4,1,3,0,3,0,0,4,6,2,0,1,1,0,2,0,0,0,0,0,1
112,75,87,72,13,137,132,3,13,4,3,1,1,1,2,3,0,2,0,0,0,4,2,0,0,0,0,0,1,0,0,0,1,0
205,64,124,111,3,240,138,-1,15,2,3,7,2,5,2,3,6,6,0,0,4,5,0,3,1,0,2,2,1,1,0,0,0,0
134,72,82,81,20,130,138,6,9,4,4,2,8,5,4,2,4,2,3,2,0,4,1,1,0,0,2,1,0,1,0,0,0,1
131,83,87,84,19,142,144,4,12,2,2,3,4,3,3,3,4,4,4,1,0,4,2,2,0,0,2,2,0,0,1,0,0,1
134,54,86,85,19,132,141,5,6,6,3,3,1,2,3,2,1,2,0,0,0,4,0,0,0,1,1,2,0,1,0,0,0,0
63,78,87,43,34,127,146,-3,4,4,3,1,2,1,2,3,0,4,0,0,2,4,1,0,1,1,2,2,0,0,0,0,0,1
142,65,114,88,-5,160,131,-1,6,0,2,3,3,1,2,2,7,0,0,1,0,3,0,2,1,0,1,0,1,0,0,1,1,1
171,68,86,103,-11,142,133,5,3,6,5,3,1,2,2,3,4,4,1,1,0,6,2,2,0,0,0,2,1,1,0,1,0,0
65,84,78,44,30,138,143,5,21,2,3,3,6,4,2,4,3,0,0,0,3,4,0,3,1,0,0,0,1,0,1,0,1,1
122,65,82,82,25,132,156,8,13,0,1,1,3,4,2,2,0,0,4,1,0,5,2,0,0,0,1,0,0,0,1,1,0,0
92,46,74,63,1,110,133,9,5,2,0,1,1,5,0,4,0,0,0,0,0,4,2,0,1,0,0,0,1,0,0,0,0,0
129,84,60,82,1,100,136,3,11,2,2,4,1,4,2,3,0,6,4,1,0,4,2,0,1,0,0,2,0,0,1,0,0,0
141,43,85,89,3,146,127,8,10,4,2,2,2,1,5,2,1,0,0,0,4,3,0,2,0,0,0,0,1,1,1,1,0,1
183,70,106,94,8,158,139,2,23,5,3,5,6,1,2,4,7,0,0,0,0,4,1,2,1,0,0,2,0,1,1,0,0,1
120,84,85,84,14,140,142,6,5,5,4,0,6,1,2,2,6,3,4,0,0,5,1,2,1,0,0,2,0,1,1,1,1,0
144,55,84,106,7,126,142,4,13,5,4,1,5,2,9,4,0,0,1,1,0,5,0,0,0,0,0,0,0,1,0,0,0,0
162,77,82,94,11,140,146,-6,2,1,2,4,4,0,3,2,6,3,4,0,0,5,2,3,0,2,1,0,1,1,0,1,0,1
114,53,74,76,22,110,140,1,13,7,5,5,5,2,2,1,0,0,0,1,0,5,2,0,1,1,0,0,0,1,1,1,1,0
122,76,85,81,-7,120,140,4,3,5,3,2,4,1,4,2,0,6,0,1,0,4,2,0,0,1,0,2,0,0,1,1,0,1
135,45,86,93,17,130,150,8,6,7,0,3,3,4,1,4,7,0,4,3,0,4,0,2,1,0,0,0,1,0,1,1,0,0
140,39,86,93,15,134,146,6,11,7,4,8,4,3,4,3,3,0,4,3,0,6,0,2,1,0,1,0,0,1,1,1,1,0
127,75,84,82,14,150,135,6,6,4,4,4,5,2,3,1,3,4,1,1,0,4,1,2,1,1,0,2,0,1,1,0,1,1
163,73,90,85,10,158,143,2,19,4,2,6,2,1,4,2,7,5,0,0,0,4,1,2,0,2,0,2,0,1,1,0,0,1
143,66,88,89,9,140,136,3,25,5,3,3,5,4,0,4,0,0,4,1,0,3,0,0,1,0,0,0,0,1,0,1,0,1
5,56,1,2,29,0,138,5,4,2,1,5,5,2,4,3,0,6,1,1,0,5,2,0,1,2,0,2,1,0,0,0,0,0
184,73,83,107,-5,126,129,5,15,1,1,4,3,3,3,5,6,1,0,1,0,3,2,2,1,0,0,1,0,0,0,0,0,0
130,74,84,85,6,129,140,5,9,1,4,2,3,4,1,4,2,5,4,0,0,3,0,2,1,2,0,2,0,0,0,1,0,0
183,67,81,112,-3,135,133,12,12,1,0,5,4,1,2,3,7,2,4,0,0,5,2,3,0,1,1,0,0,0,1,0,1,1
172,67,105,105,3,180,142,3,11,4,3,4,3,4,5,4,7,6,4,3,0,3,2,3,0,0,1,2,0,0,1,0,0,1
115,76,103,81,35,150,136,2,9,4,2,2,6,3,2,2,3,2,0,1,2,4,2,3,0,1,0,2,0,0,0,0,1,0
131,66,84,85,27,130,128,4,6,7,4,1,4,3,2,4,7,4,4,0,0,4,0,2,1,0,2,2,1,0,0,1,1,1
164,66,87,93,-17,136,138,9,9,1,4,1,4,4,6,6,7,0,0,0,3,3,0,3,0,0,0,0,1,1,0,1,0,0
193,72,76,143,3,130,140,8,3,2,4,3,2,2,5,2,5,0,0,0,4,3,2,3,1,0,0,0,0,0,0,1,0,0
154,39,91,92,6,130,136,5,9,5,3,2,2,3,7,3,0,0,4,1,0,4,2,0,0,0,2,0,0,1,0,0,1,0
160,71,100,104,-3,172,153,3,9,1,3,3,3,3,4,7,7,0,2,0,0,4,2,2,1,0,1,0,0,0,0,0,1,0
114,54,70,81,0,120,128,3,19,3,7,3,3,2,1,1,0,0,4,2,0,4,0,0,0,0,1,0,0,1,0,0,1,1
62,78,68,46,32,118,130,3,10,4,3,4,4,2,2,5,0,0,4,2,0,4,0,0,1,0,0,0,1,1,1,0,0,0
111,62,71,71,19,113,138,4,15,5,1,2,1,4,3,4,0,0,0,1,2,4,0,0,0,0,0,0,1,0,0,0,1,0
132,85,104,84,25,150,136,-4,8,2,2,1,5,1,2,7,2,5,4,1,0,3,1,2,-1,1,0,2,0,1,1,1,1,1
146,72,91,91,13,138,139,10,-4,1,1,1,0,2,2,3,0,0,4,1,0,4,0,0,0,0,0,0,1,1,1,1,0,0
111,91,68,82,11,160,127,3,18,5,0,4,3,3,3,4,0,6,4,1,0,4,2,0,1,0,3,2,0,0,0,0,1,0
152,57,93,86,11,160,130,5,6,4,6,2,4,2,3,1,6,0,0,0,4,6,0,2,1,0,0,0,0,0,1,1,1,0
120,59,92,82,-2,130,129,4,10,5,4,6,4,0,2,2,0,3,0,1,0,4,1,0,0,2,1,2,1,1,1,1,0,0
100,65,76,70,35,120,143,3,10,7,6,0,4,4,2,1,0,0,4,1,0,4,0,0,0,0,0,0,0,0,1,0,0,0
132,63,87,82,15,143,120,-3,3,4,3,2,3,2,3,2,5,0,1,1,0,4,0,3,0,0,1,0,0,1,1,0,0,1
135,58,71,83,-4,120,132,-1,10,2,4,1,2,2,1,5,0,2,0,0,0,4,0,0,1,1,0,2,1,0,0,1,1,0
132,64,103,83,30,180,143,4,11,2,7,2,5,5,3,2,7,2,0,1,0,5,2,2,0,0,0,2,1,0,0,0,1,1
134,66,89,101,19,146,139,13,2,4,5,6,2,6,1,5,6,0,4,1,0,5,0,2,1,0,1,0,1,0,0,1,0,0
134,73,87,74,17,140,140,3,14,4,3,5,2,4,0,3,7,2,4,4,4,4,2,3,0,0,1,2,1,1,0,0,0,1
136,56,84,87,44,128,137,4,13,3,6,5,4,6,2,5,0,0,0,1,2,5,0,0,1,0,0,0,0,1,0,1,0,0
113,58,71,72,2,116,136,-2,13,5,4,4,2,3,6,1,0,0,0,1,4,4,0,0,1,0,1,0,1,1,0,1,1,0
135,83,94,93,8,154,136,-6,8,2,4,6,3,4,3,4,5,0,4,0,0,3,0,3,1,0,0,0,0,0,0,1,0,0
130,68,72,82,-7,110,142,4,15,1,2,3,3,2,4,3,3,0,1,1,0,4,0,2,0,0,0,0,1,1,1,1,0,1
102,73,26,84,26,40,127,1,10,3,5,5,2,3,3,5,3,0,4,1,2,4,2,2,1,0,0,2,1,0,1,1,0,1
135,57,82,81,18,130,141,13,6,4,3,7,6,5,2,4,4,6,1,1,0,4,1,2,0,3,0,2,1,1,0,0,0,0
154,66,79,94,17,136,142,-3,9,3,3,3,1,5,3,3,5,2,1,1,0,5,1,2,1,0,0,2,1,0,1,0,1,0
144,56,80,83,-10,122,144,9,0,6,2,0,1,1,1,4,0,0,4,3,0,4,2,0,0,0,0,0,0,1,1,1,0,0
151,75,87,105,17,146,142,7,8,5,3,2,3,6,3,3,4,6,0,0,4,5,1,2,0,0,0,4,0,0,0,1,1,1
127,51,79,83,25,122,125,4,8,6,5,3,9,3,2,1,0,0,4,1,0,3,0,0,0,0,0,0,1,0,1,1,1,1
144,48,83,92,7,120,132,4,-1,6,3,2,6,4,0,6,6,0,0,1,1,4,0,2,1,0,0,0,0,0,0,1,1,1
135,80,86,65,11,136,134,5,7,4,4,6,7,2,2,2,2,6,0,0,2,4,0,2,0,0,0,2,1,1,0,1,0,0
124,73,87,83,26,148,136,1,14,4,2,2,3,5,2,3,7,4,0,1,1,5,1,2,0,0,0,2,1,1,1,0,0,1
143,61,76,91,15,130,133,2,8,3,5,3,3,2,3,3,7,6,0,0,2,3,1,2,0,3,2,2,0,0,0,1,0,1
134,64,84,91,12,130,141,3,6,2,2,0,1,1,2,3,5,0,0,0,3,4,1,2,2,0,1,2,1,0,0,1,0,1
142,68,95,101,17,140,143,1,20,2,1,3,2,3,2,2,7,0,1,0,0,4,0,2,0,2,0,0,1,0,0,1,0,1
135,78,84,83,-6,140,117,2,3,2,4,2,4,2,2,3,7,4,4,1,0,4,1,2,0,0,2,2,1,0,1,0,1,1
171,73,94,94,18,146,133,-5,10,3,2,4,3,5,1,2,7,6,1,1,0,4,1,3,1,0,0,2,1,0,0,0,0,1
146,70,90,92,21,162,142,4,3,6,1,1,4,6,3,2,7,3,0,0,2,5,2,2,0,0,2,2,1,0,0,0,1,0
143,63,70,83,11,118,143,2,1,1,8,3,2,0,2,1,5,5,1,0,0,5,1,2,0,0,0,2,0,0,0,0,1,0
146,38,82,103,0,140,143,5,10,4,3,2,3,3,4,1,2,0,4,1,0,5,0,2,2,0,0,0,0,0,1,0,1,0
133,41,94,93,8,140,134,1,11,5,3,6,3,3,4,2,1,0,4,1,0,4,2,2,3,0,1,0,0,1,1,1,0,0
141,83,88,86,20,156,133,10,4,3,2,4,3,2,6,5,3,0,0,0,0,4,2,2,2,0,0,0,1,1,1,0,0,0
155,55,97,98,17,150,118,7,6,7,3,5,3,3,4,2,5,0,4,1,0,5,0,2,1,0,1,0,0,1,0,0,0,0
125,60,74,95,16,124,139,5,7,6,2,2,2,4,3,1,3,0,0,0,3,4,0,3,1,0,0,0,0,1,0,0,0,0
163,62,90,103,11,152,138,5,4,6,9,0,8,3,3,1,0,6,0,0,1,5,1,0,0,0,0,2,0,1,1,1,0,1
140,68,93,84,22,170,140,7,4,5,0,9,1,2,2,7,6,0,1,0,0,4,2,2,1,0,1,0,1,1,0,1,1,0
171,69,93,104,43,160,143,10,8,2,6,4,4,0,2,3,7,4,3,1,0,4,2,3,1,0,0,2,0,1,0,1,0,0
165,56,94,108,10,150,140,5,15,3,5,5,6,6,7,3,1,0,1,0,0,4,1,0,0,0,0,2,0,1,1,0,0,0
149,72,77,89,5,120,136,8,8,3,1,2,5,1,3,1,7,2,4,1,0,5,1,2,0,0,0,2,0,1,0,1,0,0
21,74,61,6,12,90,139,5,6,5,1,6,6,3,3,3,2,4,2,0,2,4,2,0,0,3,0,2,0,0,0,0,0,1
211,57,84,105,-6,138,140,6,9,6,5,2,8,7,2,2,7,2,0,0,0,5,0,2,0,0,0,2,0,0,1,0,0,1
174,71,92,110,55,144,130,3,7,5,1,5,3,5,2,6,7,0,0,0,0,3,2,2,0,0,0,0,1,0,0,0,0,0
181,60,89,103,24,148,133,4,9,2,4,3,5,3,4,3,7,0,0,0,4,4,0,2,0,0,0,0,0,0,0,0,1,1
135,66,63,82,-4,90,142,4,11,3,5,5,7,2,2,1,0,0,0,1,0,4,0,0,0,0,0,0,0,0,0,0,0,0
152,74,88,92,6,130,143,0,7,3,5,2,1,3,1,1,7,6,1,1,0,3,1,0,0,0,0,2,1,1,1,1,0,0
127,60,93,77,-10,156,137,2,8,8,4,3,5,2,2,4,7,0,0,0,3,4,2,2,0,0,0,0,0,0,0,0,0,0
130,51,68,85,-5,116,121,0,8,5,3,1,1,2,3,2,0,0,0,0,3,3,0,0,0,0,0,0,0,1,1,0,1,1
172,70,90,103,42,142,139,-1,9,2,3,3,5,1,4,4,7,2,0,1,0,5,2,2,0,0,0,3,0,0,0,0,0,0
122,71,95,73,6,162,146,4,6,2,7,2,3,3,5,2,3,0,0,0,0,4,2,2,1,0,0,0,0,1,0,0,0,0
134,65,75,84,24,125,133,3,8,3,0,6,1,1,5,3,1,0,0,0,0,4,0,2,0,0,0,0,1,1,0,0,0,0
181,41,106,124,-7,150,143,-1,6,4,3,5,4,3,3,6,0,3,0,0,1,4,1,2,1,0,1,2,1,1,1,1,0,0
163,83,93,101,19,154,141,9,1,5,2,4,2,1,2,3,6,0,0,0,0,4,2,2,1,0,0,2,0,0,0,1,0,0
164,71,78,95,27,136,140,11,6,5,3,5,2,5,2,1,7,0,4,1,0,4,0,3,0,0,0,0,0,0,0,1,1,0
141,75,98,92,37,162,136,11,7,3,3,1,3,7,2,5,7,6,1,1,0,3,0,0,0,0,0,2,1,1,1,0,1,1
145,74,90,94,12,144,126,1,4,6,5,4,2,4,3,1,7,4,0,0,4,4,1,2,0,1,0,2,0,1,0,1,1,1
103,70,102,60,16,150,142,7,7,2,3,3,2,2,3,2,3,3,0,0,4,4,2,2,0,0,2,1,1,0,0,0,0,0
122,50,89,81,21,138,139,10,7,3,1,4,2,3,1,4,0,6,2,1,0,4,2,0,0,1,0,2,0,0,0,1,0,0
101,82,82,72,35,120,139,6,9,5,4,3,4,3,0,2,7,0,0,1,0,4,2,2,0,0,0,4,0,0,0,1,0,0
134,75,78,81,20,124,136,7,6,3,4,3,2,3,2,3,7,4,4,1,0,4,2,2,0,0,0,2,0,0,1,0,0,0
153,76,72,93,23,110,139,11,6,7,3,3,5,2,3,3,5,3,0,0,3,4,1,2,0,1,0,2,0,0,0,0,0,0
133,61,75,83,6,116,135,6,6,3,1,0,3,2,6,6,0,4,0,0,0,4,2,0,0,2,0,2,1,1,0,0,0,0
143,82,84,86,9,136,143,3,10,1,0,1,2,4,4,4,0,6,0,0,3,6,1,0,1,0,0,2,0,1,1,0,0,0
114,73,80,82,46,142,143,2,8,6,4,5,1,4,2,5,6,6,0,0,4,4,0,2,2,3,2,2,1,0,0,1,1,0
113,56,81,72,19,120,143,5,9,1,3,10,1,5,4,2,6,4,4,1,0,4,2,2,0,1,0,2,1,1,0,1,0,1
112,84,75,72,18,122,130,13,10,4,2,2,2,3,5,4,7,2,2,1,0,5,1,2,1,3,0,3,0,0,1,1,0,0
137,54,60,81,25,100,134,2,8,5,2,4,2,4,2,2,0,0,1,0,0,4,0,0,0,0,0,0,0,0,0,1,1,0
114,89,93,80,23,138,144,7,11,2,1,4,3,8,2,6,7,2,4,1,0,4,1,2,1,0,3,1,1,0,1,0,0,0
132,69,72,83,8,116,140,2,10,6,2,2,3,2,3,1,0,0,2,1,0,4,1,0,1,0,1,2,0,0,0,0,0,0
100,61,74,72,-1,114,140,-7,9,3,4,2,6,0,2,0,0,0,4,1,0,3,0,0,0,0,1,0,1,0,0,0,0,1
115,71,87,79,42,134,141,9,7,2,8,2,1,4,1,3,1,2,4,0,0,4,2,2,1,2,0,2,0,1,1,0,1,0
146,51,117,90,28,172,141,3,4,2,5,1,5,3,3,2,7,2,0,1,0,5,1,2,0,0,0,2,1,0,0,0,0,0
153,62,113,94,10,160,128,7,7,3,4,0,3,5,1,2,0,0,0,0,3,4,0,0,0,0,0,0,0,1,0,0,0,0
130,84,91,83,15,140,136,3,19,3,5,1,4,5,4,3,6,4,0,1,2,3,2,3,1,0,0,2,0,0,0,0,1,0
114,78,84,76,39,150,123,-1,9,5,6,4,5,3,2,7,0,3,4,1,0,4,2,0,1,0,1,2,0,0,1,0,0,1
144,53,97,81,8,140,130,3,6,2,4,3,2,1,5,5,3,6,0,0,2,5,0,2,0,0,0,2,0,0,1,0,1,1
134,65,89,84,8,142,150,5,10,4,3,4,4,5,1,6,0,0,0,1,4,5,0,0,0,0,0,0,0,1,0,0,0,1
158,59,102,98,19,160,136,3,10,4,5,2,3,2,3,4,4,6,0,0,2,5,2,2,0,1,0,2,1,1,0,0,1,1
115,64,90,86,21,156,138,-2,11,4,4,5,2,0,1,3,7,6,1,0,0,4,2,2,-1,3,2,2,0,0,1,0,0,0
91,46,72,61,34,116,134,0,6,2,1,8,5,8,7,3,0,0,0,0,4,4,0,0,1,0,0,0,0,0,1,0,1,0
160,79,91,83,42,140,130,-2,9,3,3,1,2,3,3,0,2,6,0,0,0,3,1,2,1,2,0,2,0,1,1,0,0,0
132,59,81,92,-5,118,146,0,6,2,1,3,5,2,3,3,0,2,0,1,0,4,2,0,1,0,0,1,1,1,0,1,0,0
232,63,90,122,2,150,140,6,8,2,1,4,1,4,4,4,7,3,0,1,1,3,2,2,0,0,2,2,0,1,0,0,0,0
163,77,87,93,-8,150,137,6,2,6,2,5,3,3,3,4,5,6,2,2,0,4,0,2,0,2,0,2,0,0,0,1,1,1
143,61,84,62,18,130,139,7,10,4,7,5,1,6,3,4,0,0,1,1,1,5,2,0,0,0,0,0,0,1,0,1,0,0
130,78,84,79,47,150,141,5,6,2,6,4,6,3,4,3,0,4,4,1,0,4,1,0,0,0,0,2,0,1,1,0,0,0
142,78,77,104,17,132,139,2,4,4,3,9,6,4,1,6,0,0,0,0,2,4,0,0,0,0,0,0,0,0,1,0,1,0
165,80,96,105,23,178,127,7,9,2,2,3,3,4,5,2,7,6,0,1,1,4,2,2,0,1,0,2,0,0,0,1,1,1
141,84,61,82,23,140,141,8,7,2,3,2,2,5,6,4,7,2,0,0,2,5,0,2,1,0,0,2,0,1,0,0,0,0
211,85,104,102,24,200,130,7,12,8,3,0,1,4,2,3,7,6,0,0,3,4,2,2,1,0,0,2,0,0,1,1,1,1
164,78,82,96,8,140,138,5,9,6,3,1,3,4,3,1,2,0,4,0,0,4,2,2,1,0,0,0,0,0,0,0,1,0
140,53,79,84,18,128,134,4,9,3,5,6,5,0,4,2,2,0,0,0,3,3,0,2,1,0,0,0,1,1,0,1,1,0
182,56,96,123,8,162,138,11,9,3,8,2,2,4,4,5,7,5,0,0,0,4,2,2,0,2,0,2,0,0,0,0,1,1
121,65,82,81,3,132,125,-3,3,13,3,6,3,2,4,4,0,0,0,0,4,4,0,0,1,0,0,0,0,0,1,1,0,0
133,84,102,80,14,160,138,8,9,8,3,1,6,2,1,2,4,6,1,0,1,4,2,3,0,2,0,2,0,0,0,0,0,0
151,75,93,94,-3,156,138,8,10,4,5,1,5,5,3,4,4,6,0,0,2,4,1,2,0,2,0,2,0,0,1,0,0,1
160,44,83,92,17,126,130,-1,7,5,6,5,0,2,3,5,0,2,0,1,0,4,2,2,1,0,0,1,0,1,1,0,1,1
103,71,84,62,11,130,136,10,3,3,6,4,1,6,2,5,0,5,4,1,0,4,2,0,0,0,0,2,0,0,0,1,0,0
265,70,94,146,-7,149,139,10,12,6,5,3,2,3,3,5,7,5,0,1,0,4,1,0,-1,1,0,2,0,1,1,0,0,0
143,82,90,99,13,150,134,3,4,3,1,4,5,2,6,2,7,4,0,1,0,5,1,2,0,0,0,2,1,0,0,1,0,0
126,68,90,83,-1,152,144,1,10,8,5,6,3,7,2,4,2,2,4,1,0,4,0,2,2,0,2,2,1,1,0,0,1,1
156,56,82,95,-21,130,137,5,9,3,5,7,2,5,3,3,0,2,0,0,2,4,2,0,1,1,1,2,1,1,0,1,0,0
156,66,85,93,10,136,132,3,3,3,3,2,1,6,2,2,6,4,1,1,0,4,0,2,0,0,1,2,0,1,0,1,0,1
202,55,78,114,2,130,136,5,7,4,1,4,5,4,5,3,7,1,4,3,0,4,1,3,0,0,0,2,0,0,0,1,1,0
101,52,62,72,4,80,140,2,20,3,1,5,3,2,2,3,7,0,4,1,0,4,0,3,0,1,0,0,0,1,0,0,0,0
134,73,89,83,5,156,141,6,18,4,1,4,4,3,6,4,0,6,0,0,2,4,2,0,0,0,0,2,0,0,0,0,1,0
143,44,75,93,21,110,136,7,8,3,3,3,5,6,2,2,5,0,4,4,0,4,2,2,0,0,0,0,0,0,0,0,0,0
127,51,93,83,27,140,134,5,5,4,2,2,3,1,1,4,6,5,0,0,4,4,1,2,0,0,0,2,0,1,0,0,1,1
130,64,82,91,2,142,136,2,16,3,3,2,3,1,2,1,7,0,0,0,0,5,2,0,0,0,0,0,0,1,0,0,0,0
123,69,92,85,20,154,138,4,8,4,4,5,5,5,5,4,7,0,0,0,2,5,0,3,1,1,0,0,0,0,1,1,0,0
194,68,92,102,10,166,132,1,16,6,3,1,0,5,6,4,3,3,4,0,0,4,1,2,1,3,0,2,0,0,1,0,0,0
103,76,70,51,27,110,140,-1,8,3,2,1,6,4,5,4,0,0,4,1,0,4,2,0,0,0,0,0,0,1,1,0,1,1
111,73,94,73,11,152,133,2,5,4,0,4,2,3,3,1,7,6,4,2,0,3,2,2,0,0,0,2,0,0,1,0,0,1
204,60,87,125,15,136,140,5,9,4,6,3,3,6,1,2,6,0,1,1,0,4,0,3,0,0,0,0,0,1,1,1,0,1
164,64,82,91,8,132,136,0,12,4,5,1,3,7,3,0,6,0,4,1,0,5,1,2,0,0,1,2,1,0,1,0,0,0
134,51,102,86,20,160,132,2,15,6,4,1,4,3,2,4,3,0,0,0,3,5,0,1,1,0,0,0,1,1,0,0,0,0
122,65,76,83,22,128,146,7,10,6,4,2,5,2,6,6,0,3,0,0,3,5,2,0,1,0,0,2,0,1,1,0,0,0
133,51,81,83,15,130,130,5,13,4,5,6,4,1,4,2,0,2,4,3,0,4,1,0,0,0,0,2,0,1,1,1,0,0
151,65,87,85,22,136,143,6,9,4,4,2,4,2,1,5,0,6,4,3,0,5,2,0,0,0,0,0,0,0,0,1,0,0
132,72,82,86,27,126,130,3,5,8,2,3,3,2,0,3,0,4,2,1,0,5,1,0,0,2,1,2,0,0,0,0,0,0
126,68,84,84,-7,146,135,3,13,3,4,2,6,3,4,5,3,2,0,1,4,3,1,3,0,0,1,2,0,1,1,1,0,0
115,58,85,73,7,128,136,6,4,3,2,3,3,3,5,5,7,6,1,1,0,5,1,2,0,0,0,2,0,0,0,0,0,0
132,50,107,94,18,180,139,6,5,4,3,3,2,5,2,4,5,0,0,0,3,4,0,2,1,0,0,0,1,1,0,0,0,0
161,50,92,71,-3,130,122,1,9,4,5,2,3,6,3,3,0,0,4,1,0,3,0,0,1,0,0,0,0,1,1,1,0,1
161,78,85,82,11,144,138,6,10,3,1,4,1,1,5,0,7,3,1,0,0,4,2,2,0,0,0,2,1,0,0,0,0,1
92,45,61,67,17,90,147,1,5,3,6,2,4,3,1,3,0,0,4,1,0,4,0,0,1,0,1,0,0,1,0,0,1,1
94,75,73,65,9,124,126,5,6,5,2,3,2,3,1,5,0,2,0,0,0,4,2,0,1,0,0,2,0,1,1,1,0,0
124,71,83,84,3,140,138,5,5,1,6,5,4,3,6,0,5,5,0,0,0,4,2,2,0,0,0,2,0,0,0,0,1,0
132,84,82,83,10,140,156,10,9,4,4,0,5,2,3,7,0,0,4,3,0,4,2,0,2,0,0,0,1,1,0,0,0,0
131,67,87,82,8,139,138,4,2,3,2,4,2,4,3,2,0,4,1,1,0,4,1,0,1,1,0,2,1,0,0,0,0,0
125,60,109,73,-3,156,132,1,9,3,1,2,2,7,5,1,7,0,2,1,0,5,2,2,0,0,0,0,1,0,1,0,0,1
124,72,103,84,-13,190,138,-4,13,3,1,1,4,5,5,3,6,5,4,1,0,5,1,3,1,1,2,2,0,0,0,0,1,0
143,74,81,93,16,136,163,7,9,5,3,1,3,0,5,3,7,0,4,1,0,7,0,2,1,0,0,0,1,1,0,0,0,0
172,73,80,85,41,128,139,4,8,3,3,2,3,2,5,1,7,6,1,1,0,4,2,2,0,0,0,2,1,0,0,0,0,0
242,69,95,111,28,180,136,9,11,8,3,4,5,7,3,3,6,1,4,1,0,4,2,3,0,0,0,1,0,0,0,0,0,1
114,63,86,74,6,142,136,1,10,3,4,5,2,2,2,6,0,4,4,3,0,4,2,0,0,1,1,2,1,0,0,1,0,0
144,64,92,102,14,160,142,3,9,7,0,4,2,3,4,6,0,5,0,0,2,5,2,2,0,0,2,2,1,1,0,1,0,0
124,44,89,82,17,141,142,7,9,2,3,0,3,4,5,4,0,0,2,1,1,5,2,0,0,1,0,0,0,1,0,0,0,0
126,68,86,81,16,130,136,-2,0,1,3,5,0,0,2,4,4,1,4,3,0,6,0,2,1,0,0,2,0,0,1,1,0,0
133,50,87,92,10,146,138,9,7,3,3,7,3,6,4,10,0,5,1,1,0,5,0,2,1,1,0,2,0,0,0,1,0,0
65,88,85,45,-9,136,136,4,12,3,3,3,3,2,4,3,7,3,0,0,1,4,2,3,1,0,0,1,0,1,1,0,0,1
150,51,79,92,-4,122,140,0,7,2,1,3,3,2,3,5,4,0,1,0,0,5,0,2,1,0,0,0,1,1,1,0,0,0
94,75,70,61,4,99,143,3,12,4,1,3,5,2,1,5,5,0,0,0,3,6,1,2,1,0,0,0,0,0,1,0,0,0
133,46,71,73,8,106,138,-3,14,4,1,4,2,1,3,1,0,0,4,4,0,4,0,0,0,0,2,0,0,1,0,0,0,1
171,83,102,93,21,210,126,-1,8,3,7,3,2,4,2,2,7,0,1,0,0,4,0,2,1,2,0,0,1,0,0,0,1,0
122,52,79,85,11,124,130,-1,9,3,6,3,2,7,2,2,2,0,4,2,2,3,2,2,1,0,0,2,1,0,1,1,0,0
135,75,82,82,22,130,137,8,3,7,2,3,1,1,1,5,5,3,0,0,0,4,1,2,0,0,0,2,0,0,1,1,0,1
191,68,87,105,-5,154,138,3,9,1,4,1,4,2,6,6,5,0,0,1,0,4,0,2,1,0,0,0,1,1,1,0,1,1
146,74,94,82,29,170,150,10,6,3,3,5,0,2,2,2,6,0,1,1,0,4,2,2,0,1,0,0,0,1,0,1,1,0
146,68,95,84,5,162,146,10,4,6,3,8,0,1,2,3,7,5,0,0,4,6,2,0,1,0,2,2,1,1,0,1,0,0
141,69,81,83,20,140,130,4,7,7,5,7,1,6,2,4,5,6,4,0,4,4,1,2,1,0,0,2,0,0,0,1,1,1
145,66,94,85,-6,180,133,-2,16,4,5,5,5,5,2,4,7,0,4,2,0,4,0,2,1,0,2,0,0,1,0,0,1,0
135,50,84,91,2,136,128,6,8,6,5,1,4,4,2,0,0,2,0,0,3,4,1,0,0,0,0,2,1,1,1,1,1,1
123,70,79,73,-4,128,140,4,16,9,5,3,5,3,4,3,5,2,4,3,0,4,1,0,0,0,3,1,0,0,0,0,0,0
141,53,88,94,17,136,143,6,7,5,1,5,3,4,5,7,1,4,4,1,0,5,1,2,1,0,0,2,1,0,1,1,0,0
161,57,83,103,-4,140,140,6,5,1,0,1,8,7,2,4,1,0,0,0,2,4,2,2,0,1,1,2,1,0,0,1,1,0
41,78,43,5,12,80,128,6,18,2,1,3,4,4,3,3,2,6,0,0,2,5,2,2,2,0,0,2,0,0,0,0,0,0
132,57,89,93,24,137,136,6,4,3,4,2,1,6,4,2,0,0,0,0,2,4,0,0,1,0,0,0,0,1,0,0,0,0
132,67,79,72,19,126,133,8,7,2,3,2,7,4,1,3,0,6,1,1,1,5,2,0,1,1,0,2,0,0,1,0,1,0
162,75,92,113,8,130,123,1,7,4,3,4,6,3,3,1,3,0,4,1,0,4,2,2,1,0,0,2,0,0,1,1,0,0
162,78,90,92,21,140,133,5,12,5,0,3,4,2,4,2,2,3,0,2,3,5,2,2,1,1,0,2,1,0,0,1,0,0
153,68,91,93,-2,140,146,4,10,4,3,5,3,2,2,2,2,5,4,0,0,4,1,2,1,0,0,2,1,0,0,0,0,0
124,69,71,86,7,110,136,5,8,2,3,2,3,3,6,3,0,3,0,0,4,4,1,0,1,0,0,2,0,0,0,0,1,1
3,65,74,4,-2,114,130,7,12,3,3,3,0,5,3,3,0,2,0,0,0,4,1,1,0,0,0,1,0,0,0,0,0,0
156,62,89,84,-2,155,140,3,5,5,7,5,1,3,2,5,7,0,0,0,2,4,2,2,0,2,0,0,1,0,1,1,0,0
145,80,90,98,66,150,130,5,5,4,5,1,2,2,1,4,0,0,0,0,2,4,0,0,2,0,2,0,0,0,0,0,0,0
111,53,82,82,17,132,130,9,6,3,2,6,6,2,3,4,0,0,3,4,0,5,0,0,1,0,0,0,0,0,1,1,0,0
108,47,81,78,7,129,137,13,5,9,3,2,1,3,3,4,0,0,0,2,4,4,0,0,0,0,0,0,1,0,1,0,0,0
113,35,84,61,7,120,139,0,13,2,4,5,2,2,3,2,0,0,4,1,0,4,1,0,2,0,0,2,1,1,0,1,0,0
123,37,82,90,-3,137,133,10,8,1,2,4,1,8,6,3,0,4,0,0,2,4,1,0,1,0,0,2,0,1,1,0,0,1
184,46,102,100,3,170,136,5,4,7,3,0,4,2,5,5,1,2,0,1,0,3,2,2,1,3,0,2,0,0,0,0,1,1
142,58,96,101,42,140,136,11,1,2,3,1,1,4,3,3,0,0,0,0,4,4,0,0,1,0,0,0,0,0,1,1,1,0
142,47,104,105,2,150,138,6,7,2,4,2,3,2,3,3,1,1,0,0,0,4,1,2,1,0,0,2,1,0,0,0,1,0
3,55,23,1,14,62,133,1,2,5,3,4,3,4,4,3,0,3,0,0,4,5,2,0,0,2,1,2,0,0,0,0,0,1
143,78,90,92,5,160,133,3,9,6,3,1,1,5,9,2,0,0,4,1,0,4,0,0,1,0,1,0,0,0,1,1,1,1
164,63,107,91,22,170,136,4,4,7,4,6,3,2,5,3,2,0,4,2,0,3,2,2,1,0,0,0,1,0,1,0,0,1
165,54,89,100,30,150,130,9,10,0,6,4,2,1,5,1,6,6,0,0,4,5,2,2,0,0,1,2,0,1,1,1,1,0
127,51,85,87,-4,134,142,0,9,2,4,3,1,0,4,4,0,3,0,0,2,4,1,0,0,0,0,2,1,0,0,1,1,1
174,58,75,101,28,110,140,3,4,3,3,1,8,2,3,3,3,0,0,0,3,4,0,2,0,2,0,0,1,0,0,1,0,0
143,77,85,81,-8,160,137,4,9,3,6,6,3,3,2,8,6,3,4,1,0,4,2,3,-1,0,2,1,1,1,0,0,0,0
114,74,73,72,22,110,140,1,11,4,8,4,2,3,2,8,0,6,0,0,1,4,0,0,1,1,0,2,1,1,0,1,0,0
141,65,94,84,-12,154,136,0,21,2,3,2,4,5,1,2,7,0,1,1,0,4,2,2,1,1,0,0,0,0,1,1,1,0
131,66,92,77,1,150,138,11,4,2,7,7,2,1,4,3,0,0,4,1,0,5,2,2,2,0,0,0,1,0,0,0,1,1
134,73,88,83,23,150,150,4,4,2,5,3,4,2,3,4,3,0,4,3,0,4,2,3,0,0,0,0,0,0,0,1,0,1
182,62,86,102,3,142,136,1,11,4,4,3,3,6,3,6,6,0,4,0,0,4,2,2,0,0,1,0,1,0,0,0,0,0
134,46,77,84,7,125,140,9,14,3,5,2,1,0,1,4,0,0,0,0,2,4,0,0,1,0,0,0,1,1,0,1,0,0
91,62,83,45,23,134,133,7,20,4,6,0,6,4,4,4,0,3,2,2,0,6,2,0,1,1,0,2,0,0,0,0,1,0
221,68,86,103,27,142,135,6,10,2,1,5,3,2,4,2,6,6,0,0,1,4,2,2,0,0,0,2,0,0,0,0,0,0
124,75,78,82,12,125,134,6,10,2,4,3,1,2,4,3,0,4,0,1,0,4,0,0,1,1,0,2,1,1,0,0,0,0
143,89,85,97,15,150,133,4,15,5,2,3,5,4,3,3,3,6,4,0,0,5,2,2,0,0,0,2,0,0,1,1,1,0
132,70,75,83,24,122,143,2,11,2,6,2,6,0,3,1,5,0,4,1,0,5,0,2,0,0,1,0,0,1,1,1,0,1
135,55,100,88,42,158,139,5,8,1,2,2,3,1,5,4,5,0,0,1,0,4,2,2,0,2,0,2,0,0,0,1,1,0
115,69,81,74,-7,129,141,7,7,3,1,4,4,4,1,3,0,0,0,0,4,4,0,0,2,0,0,0,0,1,1,1,0,0
182,69,61,121,-11,100,146,-3,5,3,1,8,2,3,2,2,4,6,1,1,4,4,1,2,0,0,1,2,1,0,1,1,1,0
141,77,93,82,36,130,130,2,19,1,5,4,1,4,2,2,7,0,0,0,2,6,1,3,1,0,0,2,1,1,0,1,0,0
45,75,83,30,62,130,142,-1,1,4,4,3,4,3,3,3,0,0,4,4,2,4,2,0,1,0,0,2,0,0,0,0,0,0
132,76,82,102,9,120,130,2,12,7,3,4,4,5,2,4,6,6,1,1,0,5,1,2,0,0,1,3,1,0,0,0,0,0
120,78,97,76,6,158,130,4,12,2,4,2,3,7,4,0,5,2,1,0,0,4,2,2,0,2,1,4,0,0,0,0,0,0
141,66,84,84,28,130,137,3,15,2,3,6,0,2,4,4,0,4,1,0,0,4,0,0,0,0,0,2,0,1,1,0,0,0
121,67,84,82,2,140,134,4,13,4,3,3,1,0,3,2,0,0,0,0,0,4,0,0,0,0,0,0,0,1,0,0,1,0
122,75,89,73,16,140,140,8,9,3,2,4,2,3,0,2,0,0,0,0,3,4,2,0,0,0,0,0,1,0,0,1,0,0
126,48,72,82,3,116,136,0,11,6,5,4,2,1,5,2,0,0,0,0,1,4,0,0,1,0,0,0,1,0,1,0,0,1
182,84,91,92,4,180,133,2,2,3,1,6,4,1,1,2,7,0,0,0,3,4,0,3,1,0,0,0,1,0,1,1,0,1
84,47,93,62,40,160,128,4,6,2,4,6,4,4,3,4,2,5,4,1,0,6,1,3,1,0,1,2,0,0,1,0,0,1
122,84,92,84,3,158,130,9,2,3,1,2,4,4,5,3,7,6,0,0,3,5,1,2,0,2,2,2,1,1,0,0,0,0
114,57,88,71,42,132,136,7,4,5,2,3,3,5,4,3,0,1,4,2,0,6,2,0,1,0,0,0,1,1,0,0,0,0
140,58,81,91,15,132,146,8,8,2,4,1,5,5,3,4,0,0,4,1,0,5,2,0,1,0,0,0,0,1,0,0,0,0
132,79,104,101,28,190,140,1,15,4,6,2,3,2,2,3,7,6,4,0,0,4,1,2,0,1,0,2,0,0,0,1,1,0
123,83,84,83,5,150,130,2,13,5,4,1,1,7,5,4,6,5,4,2,0,3,2,2,1,0,1,2,1,0,1,0,0,0
124,65,94,83,12,160,138,6,10,2,4,4,4,2,1,1,0,0,1,1,0,4,1,0,1,0,0,2,1,0,0,0,0,0
103,64,85,62,13,134,140,11,6,5,3,2,3,4,2,1,0,3,0,1,0,4,2,0,0,2,0,2,1,0,1,1,1,0
121,69,97,74,11,166,133,5,14,3,1,5,3,4,5,3,7,4,4,3,0,4,2,2,0,0,0,2,0,0,1,0,1,0
123,65,91,80,12,170,134,2,0,2,0,3,1,2,5,2,2,6,0,0,4,4,2,2,1,0,0,2,0,0,1,0,1,1
113,69,63,63,3,100,123,4,4,2,4,2,1,5,2,1,0,4,2,1,0,4,1,0,1,0,0,2,1,0,0,0,0,1
140,80,92,84,25,146,140,9,11,3,1,2,4,1,3,4,7,0,0,0,4,4,2,2,1,0,1,0,1,1,0,0,0,0
112,78,81,77,12,130,136,9,9,7,1,2,3,2,2,2,3,4,0,1,0,4,2,2,0,1,0,2,1,0,0,0,0,0
126,75,92,82,9,156,130,6,6,4,4,4,2,4,0,5,7,6,3,1,0,5,0,2,1,2,0,3,0,0,0,0,1,0
143,97,93,84,25,160,153,11,4,8,1,6,4,2,3,3,7,6,0,0,4,4,1,2,1,0,0,2,1,1,1,1,0,1
123,82,80,79,16,124,136,1,6,0,3,4,2,5,2,1,0,0,0,0,4,4,2,0,0,0,1,0,0,0,1,0,0,1
93,75,41,64,28,80,136,3,4,3,2,2,2,5,4,2,0,2,0,1,3,4,1,0,0,0,0,2,1,0,0,1,0,1
130,77,87,80,15,140,130,2,3,4,5,0,1,5,3,7,3,4,4,1,0,4,1,2,2,2,3,2,0,1,1,1,1,1
183,69,93,112,15,160,124,7,8,3,2,2,8,2,5,2,4,0,4,0,0,4,2,2,1,0,0,0,0,0,1,1,0,0
63,63,43,44,27,80,136,3,5,4,9,0,5,4,4,3,1,3,1,1,0,4,2,3,1,3,2,2,0,0,0,0,0,1
102,82,83,63,8,136,124,-1,8,1,7,6,4,6,6,2,0,6,0,0,0,4,2,0,0,0,1,2,1,1,0,1,0,0
132,49,89,82,22,134,136,1,19,3,4,5,3,3,2,5,7,0,4,0,0,3,0,2,1,0,2,2,1,0,0,0,1,1
115,69,92,69,12,146,126,-5,6,2,4,6,3,2,2,2,5,6,4,0,0,4,2,2,0,0,0,2,0,0,0,1,0,1
74,75,68,50,22,112,130,5,15,4,4,3,3,7,2,1,7,5,4,0,0,6,2,2,0,2,1,2,0,0,1,0,0,1
134,70,70,81,17,110,136,7,15,7,8,3,3,2,7,4,0,6,4,2,3,4,2,0,2,0,0,2,1,0,1,1,0,0
160,58,85,114,-7,136,142,12,9,4,3,5,3,4,4,5,2,2,1,1,1,5,2,2,0,0,0,2,0,1,1,1,0,0
143,61,81,98,23,138,137,6,11,3,6,4,4,3,0,2,2,2,0,1,0,5,0,2,0,0,0,2,0,0,1,0,0,0
153,65,100,84,6,164,130,0,11,3,4,3,1,4,2,3,0,2,4,0,0,4,0,0,0,0,1,2,0,0,1,0,0,0
134,61,101,82,0,180,136,5,5,4,4,3,3,3,2,5,6,0,0,0,4,4,2,2,0,0,0,0,1,0,1,1,1,1
125,72,123,80,43,200,122,6,10,1,3,5,0,2,5,6,2,3,0,2,0,4,1,2,0,0,2,2,0,0,0,0,1,1
112,69,77,73,30,116,140,5,3,5,0,4,3,4,2,1,7,0,4,2,0,5,0,2,0,0,0,2,1,1,1,1,0,0
142,59,92,82,0,160,150,10,1,2,3,4,3,4,1,4,4,3,0,0,0,5,2,2,0,0,0,2,0,0,1,0,0,0
116,83,83,74,0,132,136,1,7,1,6,6,1,4,2,3,7,2,1,0,1,3,0,2,1,2,2,2,1,0,1,1,0,0
123,65,90,84,7,140,137,7,12,6,8,4,4,3,0,4,4,5,0,0,0,4,2,2,1,1,0,2,1,0,0,1,0,1
140,50,94,86,20,152,141,0,14,3,7,5,6,2,0,1,7,3,0,0,2,4,2,2,1,0,1,2,1,0,1,0,0,0
151,83,87,93,14,152,133,5,16,2,2,2,3,4,9,3,7,2,2,1,1,4,0,3,1,1,0,2,1,0,1,0,0,1
134,66,86,82,26,142,140,2,12,4,3,5,4,1,3,3,5,2,0,2,0,6,0,2,1,0,1,2,1,0,0,0,0,0
165,74,82,105,42,120,137,7,2,2,5,6,3,3,5,8,6,6,0,0,4,4,1,3,0,0,0,2,0,0,0,0,1,0
172,55,72,122,23,120,136,-1,0,3,7,5,2,2,2,5,0,0,3,1,0,3,0,0,1,0,0,0,0,0,1,1,1,0
145,78,102,92,34,150,144,0,9,3,2,2,1,3,0,3,0,4,0,0,4,4,1,0,0,0,0,2,1,0,1,0,0,1
123,74,86,78,-8,136,137,7,14,3,1,4,6,3,4,6,2,3,0,0,1,4,0,2,0,1,1,2,0,1,0,1,0,1
123,58,82,82,19,130,131,-2,9,5,5,4,4,2,6,4,0,5,0,1,0,4,2,0,1,0,1,2,0,0,0,1,1,1
156,74,82,94,39,140,140,6,2,2,5,8,2,4,0,4,7,6,0,0,2,5,2,2,1,0,0,2,0,1,0,0,0,0
133,43,73,84,10,107,145,9,8,2,3,1,4,2,1,3,0,0,4,3,0,4,0,0,1,0,0,0,1,0,1,0,0,0
142,80,68,94,16,105,140,7,8,6,7,3,1,4,2,1,0,0,4,1,0,4,0,0,0,0,0,0,1,0,0,0,0,0
133,68,73,81,-26,124,138,2,2,3,6,2,3,3,3,2,1,3,1,1,0,4,1,2,0,0,0,0,0,1,1,0,1,0
190,80,88,103,-4,148,138,11,1,4,3,8,4,3,1,4,6,0,2,0,0,4,2,2,0,0,0,0,1,1,0,1,0,0
132,55,105,85,13,180,136,0,8,7,4,0,0,2,2,4,5,3,0,0,2,6,2,2,0,0,0,2,0,1,0,0,0,0
143,67,93,91,2,140,135,3,14,2,4,6,1,3,2,4,7,6,1,0,0,4,2,2,0,0,0,2,1,1,0,1,0,0
154,88,96,95,9,166,144,9,12,3,0,4,3,1,1,2,3,0,4,0,0,5,0,2,0,0,0,0,1,1,0,0,0,1
123,66,94,79,-6,140,136,4,6,2,4,2,2,5,1,1,2,1,0,1,0,4,0,2,1,1,0,2,0,1,1,0,1,0
132,61,89,92,28,132,146,-2,14,10,5,0,4,3,4,3,7,6,0,1,3,4,2,2,0,3,0,2,0,1,1,1,0,0
116,39,97,71,47,160,130,6,12,4,5,2,7,2,1,6,0,0,4,4,0,3,0,0,0,0,0,0,1,0,0,1,0,0
123,64,91,81,16,140,142,6,8,3,1,0,5,7,3,3,0,0,0,1,2,5,2,0,0,0,0,0,1,1,1,0,0,0
142,54,82,95,21,128,130,15,9,3,1,2,4,2,3,4,0,0,1,1,0,5,0,0,0,0,0,0,0,1,0,0,0,0
171,54,79,104,3,122,138,-2,8,7,2,2,2,3,3,5,6,0,0,1,0,4,2,2,0,0,0,0,1,1,0,1,0,0
122,58,84,83,-2,134,156,10,7,3,3,3,3,1,3,1,0,0,0,0,1,5,2,0,0,0,0,0,0,0,0,1,0,0
112,41,72,73,30,112,137,7,11,2,5,3,3,4,4,3,0,2,1,1,0,4,2,0,0,1,0,2,0,0,0,0,0,0
84,83,78,44,12,130,135,-1,10,3,2,2,3,4,2,3,7,0,0,0,3,4,0,2,0,0,0,0,0,0,0,0,0,0
165,72,89,97,-10,134,132,3,11,2,4,4,2,5,1,3,2,3,0,0,1,4,1,2,0,2,1,2,0,1,1,1,0,0
200,75,92,103,14,160,140,4,10,3,4,9,1,9,7,0,7,0,0,0,1,4,2,2,1,2,0,2,1,1,0,0,0,0
123,63,89,92,6,138,136,5,18,5,5,2,3,6,2,1,7,2,0,0,3,4,2,2,3,1,2,2,1,0,1,1,0,0
111,45,87,73,17,128,140,11,6,5,5,5,2,3,2,0,0,6,1,0,0,5,2,0,0,3,0,2,1,0,0,0,1,0
134,61,115,92,-2,160,142,3,9,2,7,3,2,4,1,3,0,0,1,1,0,5,2,0,1,0,0,0,0,0,0,1,1,0
115,51,94,75,6,160,137,7,8,5,3,5,4,2,2,4,7,0,4,1,0,3,0,2,0,0,0,0,0,1,1,0,0,0
141,67,84,82,4,140,146,9,9,4,2,4,1,4,3,6,0,0,0,0,2,5,2,0,0,0,0,0,0,1,0,1,0,0
141,77,91,85,6,144,127,1,9,3,2,3,3,3,2,4,4,5,4,1,0,6,1,2,1,0,0,2,1,0,0,1,0,0
143,74,88,80,11,140,140,4,7,1,4,5,6,5,5,1,7,6,0,0,3,5,0,2,1,0,1,2,0,1,1,1,1,0
131,36,77,84,15,110,136,6,3,3,5,2,1,5,2,1,0,0,1,2,0,3,2,0,0,0,0,0,1,0,1,1,1,0
203,59,100,103,40,190,136,15,4,6,4,3,4,4,3,1,5,0,4,0,0,6,1,2,1,0,0,2,0,0,1,1,1,0
104,71,91,69,22,160,136,4,1,10,2,2,3,3,2,5,7,6,0,0,2,5,2,2,0,3,0,3,0,0,0,0,1,1
155,56,89,93,5,138,139,7,11,3,4,3,3,7,1,2,0,3,0,0,0,4,2,0,0,0,0,2,1,1,0,1,0,0
148,68,75,98,5,130,140,6,8,1,2,4,2,1,4,5,3,0,0,0,0,5,2,2,0,0,0,0,0,0,0,1,1,0
134,65,82,83,14,140,134,5,5,7,7,3,3,3,1,1,0,3,0,1,0,4,0,0,0,0,1,2,0,1,0,1,0,1
122,66,83,77,26,134,132,5,11,4,5,3,3,3,3,6,2,0,4,0,0,3,0,2,0,0,0,0,1,0,0,1,0,1
143,89,93,102,18,160,136,4,12,1,4,6,4,3,3,3,2,0,0,0,4,4,0,2,1,0,0,0,0,0,0,1,0,1
170,71,96,102,4,164,140,14,0,2,2,2,5,1,3,3,4,5,0,0,0,4,1,2,1,1,0,2,0,0,0,1,0,0
144,78,99,91,30,154,140,4,15,1,3,2,6,5,2,2,7,0,0,0,4,5,0,2,1,0,0,0,0,1,0,1,0,0
115,74,90,75,15,160,139,4,2,3,5,0,2,6,4,4,0,6,0,0,2,4,2,0,0,1,0,2,0,0,1,1,1,1
163,53,84,103,18,137,136,3,10,5,1,6,3,4,3,0,3,2,0,0,2,5,1,0,1,0,2,2,0,1,0,1,0,0
142,74,89,74,26,140,134,4,8,1,4,4,1,2,2,1,5,5,4,0,0,4,0,2,0,0,1,2,1,0,1,1,1,1
193,45,103,113,36,155,141,5,17,6,0,4,4,0,0,2,7,0,0,0,1,5,0,0,0,0,0,0,0,1,0,0,1,0
145,58,85,94,9,142,140,7,8,3,5,1,5,4,4,2,0,0,0,0,2,4,2,0,1,0,0,0,0,0,0,1,0,1
132,60,91,72,21,150,140,1,7,4,0,3,6,4,2,3,5,6,0,1,0,4,2,3,1,0,0,2,0,0,0,0,1,0
113,67,87,75,15,128,135,9,8,5,2,3,2,1,6,2,7,0,4,3,1,4,0,2,1,0,1,0,1,0,0,1,0,0
136,54,93,81,23,154,140,9,0,2,3,4,2,2,3,4,7,0,0,0,4,4,0,2,0,0,0,0,1,0,1,0,0,1
152,64,102,93,21,170,140,10,9,2,3,5,3,2,1,3,3,0,2,1,0,4,0,2,0,1,0,0,0,0,1,1,0,0
132,77,96,84,8,160,126,2,8,3,0,5,2,3,5,5,6,5,0,0,1,3,2,2,0,0,0,2,0,1,1,1,0,1
134,57,84,102,16,140,137,3,10,2,4,4,4,4,5,1,2,5,2,0,0,5,2,2,2,3,2,2,0,0,1,1,0,0
137,51,81,84,9,124,140,6,10,2,4,2,2,2,1,1,0,0,0,0,0,3,2,0,0,0,0,0,1,0,1,0,1,1
159,86,93,101,10,162,139,3,15,4,3,6,2,6,3,3,5,0,2,1,0,4,0,2,0,1,0,0,1,0,0,1,0,0
132,77,81,83,-2,160,137,4,9,4,1,4,2,2,5,3,0,0,1,0,0,5,0,0,1,0,2,0,0,0,0,1,0,1
134,54,88,83,-15,130,134,3,18,1,3,2,5,0,6,7,6,0,0,0,3,4,0,2,1,1,2,2,1,1,0,0,0,1
161,62,91,85,4,146,137,5,3,6,4,6,1,3,2,2,3,0,0,1,2,4,2,2,0,2,1,2,1,1,1,1,0,1
143,68,99,92,1,150,141,7,9,3,3,4,3,3,1,2,0,0,0,0,0,5,0,0,0,0,0,2,1,1,1,1,1,0
154,73,91,81,42,160,138,4,4,4,2,5,2,4,2,3,7,2,0,0,4,4,1,2,0,0,0,2,0,0,0,1,0,1
151,69,104,90,17,170,146,10,1,6,6,2,4,4,2,2,5,0,1,1,0,5,2,2,0,0,0,0,1,0,0,1,0,0
171,65,89,94,-12,144,136,4,3,3,3,3,1,6,2,3,1,3,0,0,4,5,2,2,2,0,1,2,0,0,1,1,0,1
133,47,102,84,45,162,136,0,13,2,6,1,2,4,4,1,7,1,4,1,0,4,2,3,1,1,1,2,1,1,0,0,0,0
121,69,83,93,13,135,136,6,8,5,2,6,1,5,2,2,0,0,4,4,0,4,0,0,1,0,0,2,1,1,0,0,0,0
123,63,82,88,-1,130,134,8,6,4,3,2,3,3,4,3,0,0,0,4,0,3,0,0,0,0,2,0,0,1,1,0,1,1
111,58,66,73,21,102,142,6,11,2,4,7,1,2,1,1,0,2,1,0,0,5,2,0,0,0,0,1,0,0,0,0,0,0
144,68,91,103,15,180,136,13,4,7,4,6,0,3,3,4,5,4,1,1,0,4,1,3,0,1,0,2,1,0,1,0,1,0
161,44,87,104,24,146,132,6,6,5,9,6,1,1,2,5,0,0,0,0,3,4,0,2,1,0,0,0,0,1,0,1,1,0
222,75,92,113,35,150,132,5,11,3,3,4,2,3,4,6,5,3,0,1,4,5,1,0,1,0,0,2,1,0,1,0,0,1
160,46,90,103,35,145,146,1,13,5,2,2,3,4,4,2,5,0,0,1,4,5,2,1,0,0,0,0,0,0,0,1,1,0
141,77,92,90,9,145,140,5,8,3,2,2,3,3,3,3,6,0,2,0,0,5,2,0,0,0,0,0,1,1,0,1,0,0
103,63,61,72,11,100,142,7,2,5,3,3,3,1,5,1,0,2,0,0,4,5,2,0,1,1,1,2,0,1,0,0,0,0
120,64,84,93,23,138,128,3,5,4,3,7,3,1,2,3,5,5,4,1,0,4,2,2,1,0,4,2,1,0,1,0,0,0
164,69,92,96,20,140,139,6,4,2,4,2,4,4,3,2,7,6,0,0,0,4,1,0,0,0,1,2,0,0,0,0,0,1
122,81,105,83,27,180,136,3,7,3,3,2,2,1,6,1,7,0,1,0,0,6,2,3,1,0,0,0,1,1,0,1,0,0
91,66,94,43,16,148,138,2,7,3,4,4,3,2,2,2,7,3,1,1,3,4,1,0,0,1,0,2,0,0,0,0,1,0
132,64,85,81,-6,130,136,1,7,3,4,1,0,2,1,1,7,6,0,1,0,4,0,2,0,1,1,2,0,1,0,1,0,1
132,35,75,91,36,114,130,4,6,6,7,2,3,4,4,4,0,0,4,1,0,4,2,0,0,1,0,0,1,1,1,1,0,0
134,62,85,83,18,130,136,1,14,5,1,0,3,4,3,2,6,0,1,1,0,4,2,2,1,0,0,0,1,1,0,0,0,0
141,59,78,84,-15,130,143,9,10,3,5,1,1,0,4,2,0,0,4,2,0,6,2,2,0,0,0,0,0,1,0,1,1,0
183,72,85,131,-5,120,135,6,7,3,3,2,2,2,4,6,7,6,0,0,2,4,1,2,0,1,0,2,0,1,0,1,1,0
113,72,81,76,20,128,139,1,3,7,3,2,4,3,6,3,0,6,4,1,0,4,2,0,0,0,0,2,1,1,0,0,0,0
102,82,36,63,14,70,136,3,8,1,3,4,6,4,3,2,0,3,0,0,0,4,2,0,1,1,1,1,0,0,0,0,0,0
123,59,82,81,1,120,143,11,11,6,6,2,1,2,1,2,7,0,2,1,0,4,2,3,0,0,0,0,1,1,1,1,1,0
131,55,96,82,12,154,131,5,8,3,2,0,3,2,1,0,2,0,0,1,4,4,0,2,1,0,0,0,1,1,1,0,0,0
112,62,101,85,0,160,137,1,8,7,1,3,0,3,2,0,1,0,0,0,3,4,2,2,1,2,0,0,1,1,1,0,0,0
122,64,87,80,38,142,140,10,7,5,7,2,1,2,1,2,5,0,0,0,0,5,0,0,1,0,0,0,0,0,0,1,1,0
144,80,95,92,29,154,137,7,15,2,7,4,3,7,3,2,7,1,4,1,0,3,2,2,0,0,0,2,0,0,0,1,0,0
143,72,92,102,24,140,137,5,10,2,4,2,7,3,5,3,7,6,1,1,0,5,2,2,1,0,0,2,1,0,0,0,1,0
141,78,69,92,8,118,133,7,3,1,6,1,2,4,8,2,1,4,0,0,4,4,1,2,1,0,0,2,0,0,0,1,1,0
111,55,83,74,11,136,138,8,11,8,1,3,4,2,2,4,3,0,0,1,0,5,1,2,1,0,0,2,1,0,1,0,0,0
131,72,75,91,6,124,136,4,9,5,5,2,1,4,5,3,3,0,0,0,2,4,0,2,1,0,0,0,0,1,1,0,1,0
141,78,93,91,20,146,138,10,10,5,5,2,3,4,0,2,6,3,3,0,0,4,1,2,0,0,0,2,0,0,1,1,1,0
126,60,82,83,20,134,141,7,9,1,2,6,2,2,1,7,3,0,0,0,3,5,1,2,0,0,0,2,1,1,1,1,0,0
122,91,81,75,9,126,136,4,2,3,3,1,3,2,4,2,0,0,4,1,0,3,2,2,0,0,0,0,1,0,1,1,0,1
152,87,102,72,27,160,135,3,11,4,4,0,3,5,5,2,7,6,0,0,4,4,0,2,0,0,0,2,0,1,0,1,1,1
164,65,104,84,30,180,146,3,3,4,3,8,2,3,3,2,1,5,2,1,0,5,2,2,0,2,0,2,0,0,1,0,1,0
122,60,82,85,3,130,143,5,8,6,3,1,1,2,4,3,7,0,4,1,2,4,2,2,0,0,0,0,0,0,0,1,0,0
103,64,95,66,12,150,136,1,11,2,4,3,3,4,6,5,0,3,4,1,0,3,2,0,-1,0,0,2,0,1,1,0,1,1
124,72,73,72,-7,130,153,8,8,2,1,2,1,3,2,5,7,0,0,1,0,5,2,2,0,1,0,0,0,0,0,1,1,0
82,75,92,55,18,144,132,0,15,3,5,2,5,3,6,3,7,6,0,0,3,3,2,2,0,0,1,2,0,1,1,1,0,0
171,74,81,90,10,132,139,8,2,4,2,3,2,4,3,4,0,0,0,0,0,4,1,0,0,0,0,2,0,0,0,1,0,0
127,59,95,84,29,140,132,1,1,3,2,2,1,2,5,1,6,0,0,1,3,3,2,2,0,0,0,0,1,1,0,1,1,1
117,59,74,69,4,120,140,-2,9,4,7,5,7,3,1,3,0,4,0,4,0,4,2,0,1,1,1,2,1,0,0,1,1,0
163,91,96,94,29,166,136,8,10,3,2,2,3,4,3,2,5,6,0,0,2,4,2,3,-1,0,0,2,0,0,1,0,1,1
126,61,81,83,14,122,137,8,8,3,1,0,3,3,3,2,0,0,0,0,4,5,0,0,1,0,0,0,0,0,1,1,0,0
142,60,84,92,6,155,136,5,14,5,2,3,3,0,6,1,5,0,0,1,0,4,0,3,1,0,0,0,1,1,1,0,1,0
122,53,82,87,-21,136,130,5,12,2,1,4,4,4,1,2,0,0,1,1,0,5,0,0,0,0,0,0,0,1,0,0,0,0
142,76,83,82,45,150,140,3,10,4,7,1,4,0,3,3,4,6,0,0,1,5,1,2,1,0,0,2,0,0,1,1,0,0
123,44,88,84,9,134,130,11,10,3,2,2,2,2,4,3,0,1,0,1,0,3,2,0,0,0,0,1,1,0,0,1,0,0
142,66,85,84,4,120,136,1,3,4,2,4,2,0,1,5,0,3,0,1,0,4,1,0,1,0,2,0,0,0,0,0,1,0
123,65,83,74,8,145,134,0,4,3,2,5,2,1,3,0,0,0,0,0,0,4,0,0,0,0,0,0,0,1,1,0,1,0
45,56,63,0,13,80,135,-3,8,3,1,0,0,3,4,2,1,2,0,0,2,4,1,1,0,0,0,1,0,0,0,0,0,1
102,65,85,63,26,134,136,7,10,4,0,5,3,6,3,4,0,6,0,2,4,6,2,0,1,0,1,2,0,1,0,0,0,1
172,66,103,102,-7,180,136,2,3,3,4,5,2,2,4,5,5,2,4,1,0,4,2,2,0,2,1,2,1,0,0,1,1,0
164,77,84,107,14,128,136,11,11,5,2,2,2,3,0,3,1,0,0,0,0,3,0,2,1,0,1,0,1,1,1,0,0,0
162,89,72,92,45,122,133,5,14,8,4,3,4,6,1,1,2,0,0,0,4,8,0,3,0,0,0,0,0,0,1,0,0,0
181,80,91,91,30,170,132,5,16,1,1,2,6,3,4,3,6,5,0,0,4,4,1,3,0,0,0,2,1,1,1,0,1,1
124,75,73,73,12,120,136,4,12,9,2,6,2,5,2,3,0,5,0,0,4,4,2,0,1,0,0,2,1,0,0,1,0,0
126,51,108,81,30,158,134,7,8,3,6,5,1,4,3,3,3,2,1,1,0,4,0,3,1,1,0,3,1,0,1,0,1,0
132,71,85,83,12,124,141,1,15,4,2,4,6,3,1,3,7,6,0,1,0,3,2,2,0,0,1,2,0,1,0,1,0,0
134,67,78,91,-2,130,138,4,14,3,2,2,3,2,4,5,0,2,1,1,0,4,2,0,0,0,0,2,0,0,1,0,0,0
133,64,91,111,10,160,139,7,12,3,4,6,5,3,3,2,6,3,4,2,0,4,1,3,1,2,0,3,0,1,1,0,0,0
133,44,91,102,11,152,130,6,11,5,4,6,5,5,4,3,7,0,0,0,3,6,2,2,0,0,0,0,1,0,0,0,0,1
152,73,83,93,21,134,140,8,11,7,1,0,3,4,1,1,0,2,4,0,0,5,1,0,1,1,0,3,0,0,1,0,1,0
141,68,86,92,49,132,133,8,5,4,5,6,3,5,0,5,6,0,1,1,0,4,0,2,1,0,0,0,0,0,0,1,0,0
125,57,112,92,9,155,132,10,14,7,7,2,4,1,2,4,2,0,0,0,4,6,2,2,0,0,0,0,1,0,0,1,1,1
162,75,79,82,23,130,136,4,10,5,4,6,3,6,2,4,6,3,2,0,1,4,1,2,0,2,0,2,0,0,1,0,0,0
151,76,96,80,0,152,136,7,10,3,7,2,5,2,2,1,7,0,4,2,0,4,1,2,1,1,3,2,1,0,0,0,0,1
131,78,78,85,0,130,136,0,14,3,1,1,0,5,5,1,0,2,0,0,3,4,1,0,0,0,0,2,1,0,0,0,1,1
136,65,70,83,-2,118,139,1,6,2,7,4,3,3,4,1,7,3,0,0,1,4,0,2,1,2,1,2,1,0,1,1,0,1
123,66,74,81,17,110,130,4,14,5,5,2,2,4,4,4,0,0,0,0,4,4,0,0,0,0,0,0,1,0,1,0,0,1
135,48,82,83,22,116,139,10,7,3,2,1,3,4,2,6,2,3,0,1,3,4,2,2,0,2,0,2,0,0,0,1,0,0
183,59,90,103,21,144,136,11,8,3,5,5,5,4,2,0,5,3,1,4,0,4,1,2,0,0,0,2,1,0,1,1,0,0
111,69,76,82,-4,126,134,5,14,4,1,3,4,4,2,3,2,0,0,0,4,5,2,3,1,0,0,2,0,0,1,0,0,0
117,53,89,71,11,148,135,4,13,5,5,4,6,2,0,3,0,0,4,2,0,4,0,0,0,0,0,0,0,1,1,1,0,0
153,77,96,91,18,160,137,5,9,2,4,2,3,4,5,4,3,4,1,1,0,4,2,2,0,0,0,2,1,1,0,0,0,0
143,82,84,81,7,129,142,10,10,5,3,2,4,6,2,3,2,5,0,0,0,6,1,2,0,0,0,2,1,0,1,0,1,0
93,61,81,60,17,110,134,1,7,9,2,4,2,4,2,3,0,3,4,0,0,5,0,0,1,0,2,2,0,1,0,0,0,0
154,74,83,92,9,134,153,11,13,1,3,2,2,5,1,2,7,0,1,1,0,5,0,2,0,0,0,0,1,1,0,0,0,1
122,68,88,73,5,138,136,5,-3,3,3,5,1,5,4,2,0,6,0,1,1,4,0,0,0,0,1,2,1,1,1,0,1,1
153,70,81,92,9,134,133,9,9,4,4,5,3,2,4,2,7,3,1,1,1,4,1,3,0,0,1,2,1,0,0,0,0,0
141,58,81,98,-9,125,136,2,6,4,10,3,3,2,3,2,0,0,0,1,2,4,0,0,0,0,0,0,0,1,1,0,0,0
133,39,86,85,14,138,140,8,17,5,6,5,3,3,6,2,4,6,1,1,0,4,2,2,0,0,0,2,0,1,0,1,0,0
152,83,90,92,28,154,140,5,14,2,1,5,0,5,6,3,4,0,0,0,4,4,0,2,0,0,0,0,0,1,0,0,1,0
174,65,95,96,37,162,146,11,6,3,2,5,5,5,5,1,7,3,1,1,0,4,2,2,0,2,0,1,0,0,0,0,0,0
111,73,74,77,23,110,136,2,17,4,5,5,3,2,2,5,6,6,4,4,0,4,2,2,0,1,0,2,1,0,1,0,0,1
137,58,83,93,-8,134,136,4,21,2,7,3,3,0,1,4,0,5,4,1,0,4,1,0,0,3,0,2,0,0,0,0,0,0
113,81,82,72,46,140,140,1,9,1,2,4,2,2,5,6,7,6,0,0,2,4,1,3,0,2,0,2,1,1,0,1,0,0
164,77,93,102,13,144,140,7,-5,0,2,1,5,4,3,4,7,6,1,0,0,5,0,2,1,0,0,2,0,0,0,0,1,1
123,59,65,95,10,80,140,5,6,7,7,3,1,3,3,3,0,6,4,1,0,4,2,0,0,0,3,2,1,0,0,0,1,0
128,58,94,81,17,152,134,2,18,3,3,3,1,4,4,2,5,6,4,1,0,4,2,3,0,0,0,2,0,0,1,1,0,0
124,86,76,85,5,118,138,4,13,8,6,4,0,0,6,4,0,6,4,1,0,4,2,0,0,0,1,2,1,0,1,1,0,0
138,47,87,89,-12,138,131,0,4,1,2,4,2,5,5,2,0,0,0,0,4,3,2,0,0,0,3,0,0,0,1,1,1,0
181,48,77,101,-12,118,130,5,9,4,4,3,6,2,3,1,4,0,4,2,0,5,0,2,1,0,0,0,0,1,1,1,0,0
103,79,71,62,6,115,139,6,5,2,1,6,5,1,2,6,1,0,0,0,0,4,0,2,0,0,0,0,1,0,0,0,0,1
147,66,90,93,30,138,133,5,11,1,4,3,1,2,2,4,2,0,0,1,1,4,0,2,1,0,1,0,0,1,1,0,0,0
135,47,89,91,9,140,135,5,12,4,3,5,3,4,3,3,3,0,4,0,0,3,0,2,0,0,2,0,1,1,0,1,0,1
163,69,84,95,9,160,136,6,12,2,1,2,2,2,5,4,7,0,4,1,0,4,2,2,2,0,0,0,0,1,0,1,1,0
131,58,78,85,4,118,136,7,-2,3,1,1,2,8,2,2,0,2,4,0,0,4,1,0,1,1,0,2,0,1,1,1,0,0
145,79,76,82,9,128,146,-2,10,2,1,4,3,3,3,3,7,0,2,1,0,4,2,3,0,0,0,0,0,1,0,0,1,0
183,68,72,103,1,120,141,13,8,4,0,1,0,1,3,1,6,0,0,0,0,5,2,2,1,0,0,0,1,1,0,1,1,0
155,68,84,93,29,144,146,5,9,3,4,5,3,4,2,2,7,0,1,1,0,4,2,2,1,1,0,0,0,1,0,0,0,0
145,84,80,92,-5,130,137,4,12,3,2,1,1,0,4,1,7,0,1,0,0,5,2,2,1,1,0,0,0,0,1,1,1,1
122,57,79,71,14,127,130,3,12,4,4,5,2,4,1,5,0,0,0,0,3,4,2,0,-1,0,0,0,0,0,1,0,0,0
143,60,90,93,13,162,136,6,8,3,6,4,3,2,6,2,7,6,4,0,0,4,2,3,0,1,0,2,0,1,0,1,1,0
140,84,87,84,2,148,140,6,9,2,6,3,4,1,3,2,6,6,0,0,0,4,1,3,0,2,0,2,0,0,0,0,0,0
131,48,98,86,-2,158,134,8,1,4,2,2,5,6,7,3,2,2,0,1,0,4,2,2,0,1,0,2,1,1,0,1,0,0
132,58,73,87,17,118,133,5,8,5,5,4,6,4,7,2,0,1,0,0,4,3,1,0,1,0,1,2,1,1,0,0,1,1
135,58,88,74,19,158,133,2,7,2,0,4,3,3,2,2,6,3,4,3,0,4,2,2,1,0,0,2,1,0,0,1,0,1
181,50,85,129,3,150,138,6,12,5,6,3,4,5,5,3,2,0,0,0,2,5,0,3,1,0,1,0,1,1,0,0,0,1
176,75,94,81,12,152,143,5,6,1,0,5,7,4,4,1,7,6,0,1,0,4,1,2,1,0,0,2,1,0,1,1,0,1
135,66,100,82,15,160,136,0,10,4,6,2,3,1,2,2,4,0,0,0,3,4,0,2,1,0,0,0,0,1,0,0,0,0
142,51,74,82,15,116,139,4,6,5,2,4,4,5,3,9,0,1,4,1,0,5,2,0,1,1,2,1,0,0,0,0,1,0
151,47,87,93,18,144,140,4,8,2,3,8,1,4,4,5,3,0,2,1,0,4,2,2,0,0,0,0,0,1,1,0,0,0
131,58,86,86,18,132,135,3,7,5,7,3,1,6,1,5,0,0,0,0,4,4,0,0,1,0,0,0,0,0,1,1,1,1
122,52,83,74,13,128,132,9,8,5,2,1,0,6,2,4,1,3,1,0,0,4,2,2,0,0,0,2,1,0,0,1,0,0
152,60,92,93,-1,160,128,12,10,3,3,5,1,2,5,4,0,6,0,0,1,4,0,0,0,0,0,2,1,1,1,1,1,1
134,38,83,82,-19,120,132,4,5,3,6,5,3,3,4,3,0,0,0,0,2,3,2,0,0,0,2,0,0,0,0,1,1,1
124,80,102,74,11,150,125,-3,0,4,1,2,7,2,4,6,2,6,0,1,2,3,1,2,0,1,1,2,0,0,1,0,1,1
131,58,68,81,2,102,144,6,7,4,2,2,5,3,1,4,0,0,0,0,0,5,0,0,1,2,0,0,0,0,0,0,1,0
160,66,93,90,18,152,137,3,5,2,1,3,4,4,6,4,5,3,4,4,0,4,2,2,0,1,1,2,0,1,0,1,0,0
141,47,82,81,9,100,143,3,10,5,7,3,2,2,0,3,3,3,0,0,4,5,1,3,1,0,0,1,0,0,0,1,0,0
158,84,92,92,12,148,130,6,10,3,4,4,3,2,4,1,6,6,0,0,3,5,2,2,-1,2,1,2,1,0,0,1,0,0
146,84,74,81,10,90,133,5,15,5,2,4,4,2,5,2,7,6,0,0,4,6,1,2,0,0,0,2,0,0,1,0,0,0
91,62,76,63,49,118,140,11,12,3,2,3,3,5,3,4,0,6,1,1,0,4,2,0,1,2,0,2,0,0,1,1,0,0
118,67,88,92,22,142,146,7,6,3,6,4,7,9,5,3,0,5,0,0,2,5,0,0,2,2,0,3,1,1,1,0,0,0
114,94,94,67,29,148,134,-2,7,4,2,4,7,3,4,5,0,5,2,0,1,4,1,0,0,1,0,2,0,1,0,1,1,1
112,66,93,75,0,144,136,3,13,1,7,4,0,2,3,2,7,4,0,1,4,6,1,2,1,0,0,2,0,1,0,0,0,1
132,55,83,80,14,134,136,8,15,2,3,3,5,3,3,5,0,2,1,1,1,5,1,3,0,0,0,2,0,1,1,0,0,1
160,52,90,92,20,148,132,13,8,3,2,3,2,3,1,2,7,0,4,2,0,4,2,2,1,0,0,0,1,0,1,1,0,0
105,45,73,66,15,116,137,8,4,5,2,7,3,2,5,4,0,3,4,1,0,4,1,0,1,0,0,2,1,0,0,1,0,0
73,65,82,42,23,134,146,5,8,5,4,3,3,4,3,2,0,4,0,2,3,5,1,0,0,1,1,2,1,0,1,1,1,0
116,64,80,83,-1,134,150,0,6,6,3,3,2,6,2,2,6,0,4,1,0,4,0,2,0,3,0,0,0,1,0,0,1,1
121,74,85,82,8,120,138,2,14,10,1,2,3,2,2,4,7,1,0,0,3,5,1,2,0,1,0,2,0,0,0,1,0,0
135,55,91,80,-3,140,137,-1,12,3,4,1,2,3,5,4,0,4,0,1,0,5,1,0,1,0,0,2,0,0,0,1,1,0
132,67,73,91,-4,115,130,5,5,5,5,4,2,1,2,2,0,0,0,0,0,4,0,0,0,0,0,0,1,0,1,1,1,1
75,57,73,40,17,112,130,4,5,5,3,1,3,6,5,3,0,0,4,0,0,4,2,0,0,0,0,0,1,0,0,0,0,1
143,53,73,90,1,105,139,4,6,6,2,1,1,7,3,2,0,0,4,3,0,4,0,0,0,0,0,0,0,0,1,1,1,1
55,62,49,29,31,90,137,5,5,5,4,4,3,3,4,5,4,5,0,0,2,5,1,0,0,3,2,3,1,0,0,0,0,0
142,61,97,93,3,168,143,3,8,3,3,5,4,5,3,1,7,6,1,1,0,4,1,2,1,0,0,2,0,0,1,0,0,0
156,73,89,86,15,148,138,10,8,5,3,2,8,3,1,2,7,6,0,0,0,4,1,3,0,0,0,2,1,0,0,0,0,0
181,71,87,103,-3,142,136,5,2,5,4,2,4,4,1,4,3,6,0,1,0,5,1,2,0,1,0,2,0,1,0,1,0,1
172,70,92,94,-11,156,143,0,9,4,3,9,6,1,0,3,5,2,0,1,0,4,2,2,0,1,0,2,1,1,0,1,0,0
162,83,104,94,10,200,146,8,8,2,3,3,3,1,2,2,7,6,0,0,0,4,1,3,1,1,0,2,1,1,1,0,0,0
141,68,86,85,16,130,140,3,7,2,0,3,1,0,2,3,5,1,0,0,4,4,0,2,0,0,0,2,0,1,1,1,0,1
72,77,52,54,35,90,127,4,13,5,4,4,3,4,1,1,4,3,4,1,0,3,1,3,1,0,0,2,0,0,0,0,1,0
143,80,88,85,15,145,138,-1,16,5,2,5,4,1,5,3,0,1,0,0,0,4,0,2,1,0,1,0,0,1,1,0,0,0
144,54,87,92,12,128,120,3,12,3,6,0,1,3,3,2,1,0,0,0,2,3,0,2,1,0,0,0,0,1,0,1,1,1
101,66,71,86,56,110,136,5,7,4,4,2,2,2,2,3,0,0,0,0,4,4,2,0,1,0,0,0,0,0,1,1,1,0
133,78,92,81,21,160,145,9,7,5,4,5,4,4,0,4,0,6,3,0,0,5,0,0,1,2,0,2,1,1,1,0,0,0
110,66,99,72,13,162,133,4,10,6,0,3,4,3,2,5,3,2,0,0,1,5,1,2,0,3,1,2,0,1,0,0,0,0
161,64,95,117,18,140,140,-1,8,5,2,4,4,1,2,0,7,2,0,1,0,4,1,3,0,0,0,2,1,0,0,0,1,0
120,75,90,81,19,146,137,9,14,3,2,2,1,1,5,3,2,2,0,1,0,4,1,2,0,3,0,2,0,1,0,1,0,0
133,83,92,82,18,136,136,0,13,3,4,1,2,4,2,1,1,0,0,0,2,5,0,2,0,0,0,0,0,1,0,0,0,1
160,94,101,84,12,200,130,4,12,3,1,3,4,3,2,1,6,4,1,1,0,4,2,3,0,0,0,2,1,0,0,0,1,1
143,56,83,89,17,120,139,0,3,3,3,2,4,2,7,2,0,0,0,0,3,5,0,0,0,0,0,0,0,0,1,1,1,0
133,55,81,82,37,134,140,11,3,1,2,8,1,4,2,6,0,0,1,1,0,4,2,0,0,0,0,0,0,1,0,1,0,0
148,66,92,98,27,149,136,4,6,7,0,2,5,3,2,5,7,1,0,0,2,4,2,2,1,0,0,0,1,1,1,1,0,0
123,55,92,103,22,152,136,0,10,6,5,7,0,1,5,7,6,0,4,3,0,4,0,0,0,0,0,0,1,1,0,0,0,1
132,67,69,74,-4,111,140,2,8,2,2,3,1,1,4,5,7,2,0,1,1,4,0,2,0,0,0,2,0,0,1,0,1,0
120,59,78,73,36,128,126,-1,5,5,8,3,3,2,2,2,0,6,0,1,3,5,1,0,0,0,1,2,1,0,0,1,0,1
135,46,64,81,23,100,136,4,9,7,2,3,5,4,4,4,7,4,4,1,0,4,1,2,0,0,0,2,0,0,1,1,1,1
70,69,88,52,22,130,136,-1,11,1,1,3,5,3,2,1,7,6,0,1,4,4,2,3,0,0,0,2,0,1,0,1,0,0
142,75,74,82,16,120,139,4,13,4,5,4,4,2,2,2,0,6,4,4,2,4,2,0,0,1,0,2,1,1,1,1,1,0
154,72,104,93,0,190,139,6,7,4,3,1,4,4,3,8,4,4,1,0,0,5,2,2,0,2,0,2,1,0,0,0,0,0
141,78,92,84,1,150,140,4,15,3,2,8,5,3,0,8,7,0,4,1,0,4,0,3,1,0,0,0,1,0,1,1,0,0
113,47,71,73,1,117,144,4,11,3,4,1,2,4,3,7,0,0,4,1,0,5,2,0,1,0,0,0,0,1,0,0,1,0
163,68,86,91,20,134,130,7,13,2,2,2,6,6,4,2,5,0,0,1,2,4,0,2,1,1,0,0,1,1,0,0,0,0
225,57,96,112,35,153,137,-1,3,5,4,3,0,2,0,4,7,2,1,0,1,6,2,0,1,0,4,2,0,0,0,1,0,0
164,54,101,122,-23,160,124,7,14,2,6,5,1,5,8,1,6,0,1,3,0,2,0,2,1,0,2,0,0,0,0,0,0,1
133,61,102,92,-12,170,139,6,6,3,4,2,3,5,2,3,6,6,1,1,0,4,1,2,0,0,0,2,1,1,1,0,0,1
125,64,91,74,4,150,146,3,7,2,3,7,2,2,5,5,4,5,4,2,0,3,2,2,0,0,0,2,0,0,0,0,0,0
110,43,64,72,10,101,138,7,10,5,4,2,2,5,5,5,0,0,1,1,0,4,0,0,0,0,0,0,0,0,1,1,1,0
143,83,91,83,25,154,140,5,3,5,4,4,3,3,4,3,5,2,1,1,0,5,1,2,0,0,0,2,1,1,1,0,0,0
93,61,84,60,8,132,117,1,15,5,4,2,0,5,7,1,0,5,4,2,0,3,1,0,0,2,1,2,0,0,0,0,0,0
124,50,73,82,20,100,141,5,5,3,2,3,1,4,3,5,0,0,0,0,2,4,0,0,0,0,0,0,0,0,0,1,0,0
151,41,84,93,21,180,137,5,4,3,7,3,4,6,4,2,0,6,4,4,0,4,0,0,1,0,2,2,0,0,0,0,1,0
225,54,96,142,25,164,134,9,4,5,2,4,4,3,1,6,6,0,0,1,0,3,0,3,0,0,0,0,0,0,0,1,0,0
141,51,92,92,-2,130,139,5,6,4,0,2,2,3,1,7,0,0,2,2,2,4,0,0,2,0,0,0,0,0,0,0,0,0
135,56,81,83,10,134,154,-4,6,4,3,2,4,2,3,3,0,3,0,0,0,6,0,0,0,0,0,2,0,1,1,0,1,1
121,70,91,82,33,158,138,13,4,4,1,1,2,1,2,3,7,6,0,0,4,4,1,3,1,0,0,2,0,1,1,0,0,0
103,68,103,70,8,170,137,6,1,2,3,5,1,2,2,8,0,0,1,0,1,4,0,0,0,1,1,0,0,0,1,1,0,0
128,79,80,84,20,128,132,1,9,2,1,4,2,3,3,5,0,6,0,0,1,4,1,0,0,0,0,2,0,1,0,1,0,1
102,36,72,64,0,125,141,11,6,3,3,4,1,4,4,3,0,0,1,1,0,4,0,0,1,0,0,0,1,1,0,0,0,0
76,66,28,44,16,50,136,4,8,2,3,3,2,4,3,2,1,6,0,1,4,4,2,2,0,0,0,3,0,0,1,0,0,1
103,77,95,64,13,150,140,-1,14,3,4,3,3,3,4,2,7,3,4,1,0,4,1,2,0,0,0,2,0,0,1,0,0,1
212,84,74,113,44,130,142,1,9,5,3,2,2,4,2,3,7,6,4,0,4,4,1,3,1,0,0,2,0,0,0,1,0,0
143,63,82,96,1,130,140,8,7,5,5,4,1,5,3,1,0,0,0,0,0,4,1,0,0,2,0,3,1,1,0,0,1,1
142,48,84,95,-8,140,130,2,11,6,3,3,5,4,5,3,0,0,0,1,3,5,0,0,1,0,0,0,1,0,0,0,1,1
144,71,94,93,15,156,130,8,9,1,3,3,5,4,3,1,6,0,0,0,1,2,1,2,1,1,0,2,0,0,0,1,1,1
71,54,86,53,21,136,169,0,17,2,2,3,5,2,1,2,0,1,4,1,0,5,1,2,1,0,1,0,1,1,0,0,0,0
134,70,86,71,72,170,128,9,7,4,2,2,3,4,3,2,7,6,0,0,4,4,2,2,0,0,2,2,1,0,0,0,0,0
162,73,101,103,8,182,140,4,8,3,3,3,3,3,1,4,7,6,0,1,1,4,1,2,1,1,0,2,0,0,0,0,0,0
131,73,60,81,17,100,140,3,9,5,6,6,2,1,2,3,0,5,0,0,2,4,1,0,0,0,0,2,0,0,0,0,0,0
133,48,71,94,3,120,140,11,7,3,4,4,3,4,5,1,1,2,4,1,0,4,2,2,1,2,0,2,0,1,1,0,0,1
163,49,88,93,11,145,127,2,9,4,4,3,5,0,1,0,7,4,0,0,2,4,1,2,0,0,0,2,0,0,1,1,1,0
0,63,36,1,12,76,130,5,8,4,3,2,1,4,4,2,2,0,4,2,2,4,1,2,1,0,0,2,0,0,0,0,0,1
141,72,90,104,11,142,124,-2,7,3,1,3,3,1,1,5,1,1,1,1,0,4,2,2,0,1,0,3,1,1,0,1,0,0
165,66,103,103,36,170,138,5,10,4,5,2,5,2,3,3,6,6,4,0,0,4,1,3,1,0,0,2,1,1,1,1,1,0
108,78,94,61,31,136,125,3,7,5,2,2,4,2,3,4,0,0,0,0,0,3,0,2,0,0,1,0,1,0,0,0,1,1
122,76,84,83,22,140,133,3,11,5,4,2,4,2,3,4,7,6,0,0,0,4,1,3,1,0,0,2,0,0,1,1,0,1
122,70,80,81,20,120,143,0,9,3,3,6,3,2,7,4,6,6,0,0,0,4,0,2,0,3,0,0,1,1,1,1,1,0
153,50,81,90,41,130,121,8,1,3,1,3,5,3,4,3,0,0,4,1,0,4,2,0,0,0,0,0,1,1,0,1,0,1
175,65,75,102,18,150,130,4,2,3,0,5,2,4,2,2,6,3,4,1,0,4,2,2,0,0,1,2,0,0,0,0,0,0
164,84,100,103,15,160,127,11,7,3,0,4,0,5,3,5,4,0,0,0,4,4,2,2,0,2,2,0,0,1,0,0,1,0
143,70,88,94,20,140,143,9,25,1,1,6,3,2,2,2,7,5,4,3,0,4,1,2,1,0,2,2,0,1,1,0,0,1
123,46,88,83,5,144,134,6,7,8,3,3,4,2,3,3,0,0,4,1,0,4,0,0,0,0,0,0,1,0,1,1,1,0
110,62,78,78,-4,124,130,-1,14,3,1,2,4,4,2,4,5,6,0,0,1,5,1,2,1,3,4,2,0,0,1,0,1,0
153,65,81,92,-5,134,140,7,-1,3,6,4,2,4,8,1,5,0,1,0,0,4,2,2,0,0,0,0,1,0,0,0,1,0
164,74,97,104,37,166,140,8,7,1,7,4,2,1,5,5,7,6,0,0,0,5,1,2,0,2,0,2,0,1,0,0,1,0
136,52,76,86,12,110,128,1,8,8,5,3,3,1,2,4,3,0,4,0,0,3,1,2,1,0,0,0,0,1,1,1,0,0
62,82,51,42,6,100,123,3,7,2,2,2,3,4,4,3,7,2,1,1,4,4,1,3,1,0,0,3,1,0,0,0,0,0
160,86,97,82,-4,130,135,10,6,4,0,2,1,5,0,3,3,0,4,1,0,3,0,2,0,0,0,0,0,1,1,0,1,0
124,91,71,82,20,120,136,-4,6,3,3,5,0,3,2,2,7,0,4,1,0,5,0,2,1,0,0,0,0,0,0,0,0,0
133,46,94,81,6,140,135,7,9,4,5,5,6,3,1,2,0,0,4,1,0,4,2,0,1,0,0,2,1,0,1,1,1,0
124,70,75,83,-6,100,146,4,4,2,3,4,3,5,2,2,0,2,4,1,0,6,1,0,0,1,0,2,1,0,0,0,0,0
182,60,74,111,-6,120,130,-3,5,2,3,5,1,2,2,2,0,0,1,0,0,3,2,0,0,0,0,0,1,0,0,0,0,1
